driverId,url,givenName,familyName,dateOfBirth,nationality,code,permanentNumber
abate,http://en.wikipedia.org/wiki/Carlo_Mario_Abate,Carlo,Abate,1932-07-10,Italian,,
abecassis,http://en.wikipedia.org/wiki/George_Abecassis,George,Abecassis,1913-03-21,British,,
acheson,http://en.wikipedia.org/wiki/Kenny_Acheson,Kenny,Acheson,1957-11-27,British,,
adams,http://en.wikipedia.org/wiki/Philippe_Adams,Philippe,Adams,1969-11-19,Belgian,,
ader,http://en.wikipedia.org/wiki/Walt_Ader,Walt,Ader,1913-12-15,American,,
adolff,http://en.wikipedia.org/wiki/Kurt_Adolff,Kurt,Adolff,1921-11-05,German,,
agabashian,http://en.wikipedia.org/wiki/Fred_Agabashian,Fred,Agabashian,1913-08-21,American,,
ahrens,"http://en.wikipedia.org/wiki/Kurt_Ahrens,_Jr.",Kurt,Ahrens,1940-04-19,German,,
albers,http://en.wikipedia.org/wiki/Christijan_Albers,Christijan,Albers,1979-04-16,Dutch,ALB,
albon,http://en.wikipedia.org/wiki/Alexander_Albon,Alexander,Albon,1996-03-23,Thai,ALB,23
alboreto,http://en.wikipedia.org/wiki/Michele_Alboreto,Michele,Alboreto,1956-12-23,Italian,,
alesi,http://en.wikipedia.org/wiki/Jean_Alesi,Jean,Alesi,1964-06-11,French,,
alguersuari,http://en.wikipedia.org/wiki/Jaime_Alguersuari,Jaime,Alguersuari,1990-03-23,Spanish,ALG,
alliot,http://en.wikipedia.org/wiki/Philippe_Alliot,Philippe,Alliot,1954-07-27,French,,
allison,http://en.wikipedia.org/wiki/Cliff_Allison,Cliff,Allison,1932-02-08,British,,
alonso,http://en.wikipedia.org/wiki/Fernando_Alonso,Fernando,Alonso,1981-07-29,Spanish,ALO,14
amati,http://en.wikipedia.org/wiki/Giovanna_Amati,Giovanna,Amati,1959-07-20,Italian,,
amick,http://en.wikipedia.org/wiki/Red_Amick,Red,Amick,1929-01-19,American,,
george_amick,http://en.wikipedia.org/wiki/George_Amick,George,Amick,1924-10-24,American,,
amon,http://en.wikipedia.org/wiki/Chris_Amon,Chris,Amon,1943-07-20,New Zealander,,
anderson,http://en.wikipedia.org/wiki/Bob_Anderson_(racing_driver),Bob,Anderson,1931-05-19,British,,
andersson,http://en.wikipedia.org/wiki/Conny_Andersson_(racing_driver),Conny,Andersson,1939-12-28,Swedish,,
andretti,http://en.wikipedia.org/wiki/Michael_Andretti,Michael,Andretti,1962-10-05,American,,
mario_andretti,http://en.wikipedia.org/wiki/Mario_Andretti,Mario,Andretti,1940-02-28,American,,
andrews,http://en.wikipedia.org/wiki/Keith_Andrews_(driver),Keith,Andrews,1920-06-15,American,,
apicella,http://en.wikipedia.org/wiki/Marco_Apicella,Marco,Apicella,1965-10-07,Italian,,
armi,http://en.wikipedia.org/wiki/Frank_Armi,Frank,Armi,1918-10-12,American,,
arnold,http://en.wikipedia.org/wiki/Chuck_Arnold,Chuck,Arnold,1926-05-30,American,,
arnoux,http://en.wikipedia.org/wiki/Ren%C3%A9_Arnoux,René,Arnoux,1948-07-04,French,,
arundell,http://en.wikipedia.org/wiki/Peter_Arundell,Peter,Arundell,1933-11-08,British,,
ascari,http://en.wikipedia.org/wiki/Alberto_Ascari,Alberto,Ascari,1918-07-13,Italian,,
ashdown,http://en.wikipedia.org/wiki/Peter_Ashdown,Peter,Ashdown,1934-10-16,British,,
ashley,http://en.wikipedia.org/wiki/Ian_Ashley,Ian,Ashley,1947-10-26,British,,
ashmore,http://en.wikipedia.org/wiki/Gerry_Ashmore,Gerry,Ashmore,1936-07-25,British,,
aston,http://en.wikipedia.org/wiki/Bill_Aston,Bill,Aston,1900-03-29,British,,
attwood,http://en.wikipedia.org/wiki/Richard_Attwood,Richard,Attwood,1940-04-04,British,,
ayulo,http://en.wikipedia.org/wiki/Manny_Ayulo,Manny,Ayulo,1921-10-20,American,,
badoer,http://en.wikipedia.org/wiki/Luca_Badoer,Luca,Badoer,1971-01-25,Italian,BAD,
baghetti,http://en.wikipedia.org/wiki/Giancarlo_Baghetti,Giancarlo,Baghetti,1934-12-25,Italian,,
bailey,http://en.wikipedia.org/wiki/Julian_Bailey,Julian,Bailey,1961-10-09,British,,
baldi,http://en.wikipedia.org/wiki/Mauro_Baldi,Mauro,Baldi,1954-01-31,Italian,,
ball,http://en.wikipedia.org/wiki/Bobby_Ball_(auto_racer),Bobby,Ball,1925-08-26,American,,
balsa,http://en.wikipedia.org/wiki/Marcel_Balsa,Marcel,Balsa,1909-01-01,French,,
bandini,http://en.wikipedia.org/wiki/Lorenzo_Bandini,Lorenzo,Bandini,1935-12-21,Italian,,
banks,http://en.wikipedia.org/wiki/Henry_Banks,Henry,Banks,1913-06-14,American,,
barbazza,http://en.wikipedia.org/wiki/Fabrizio_Barbazza,Fabrizio,Barbazza,1963-04-02,Italian,,
barber,http://en.wikipedia.org/wiki/Skip_Barber,Skip,Barber,1936-11-16,American,,
john_barber,http://en.wikipedia.org/wiki/John_Barber_(racing_driver),John,Barber,1929-07-22,British,,
barilla,http://en.wikipedia.org/wiki/Paolo_Barilla,Paolo,Barilla,1961-04-20,Italian,,
barrichello,http://en.wikipedia.org/wiki/Rubens_Barrichello,Rubens,Barrichello,1972-05-23,Brazilian,BAR,
bartels,http://en.wikipedia.org/wiki/Michael_Bartels,Michael,Bartels,1968-03-08,German,,
barth,http://en.wikipedia.org/wiki/Edgar_Barth,Edgar,Barth,1917-01-26,German,,
bassi,http://en.wikipedia.org/wiki/Giorgio_Bassi,Giorgio,Bassi,1934-01-20,Italian,,
bauer,http://en.wikipedia.org/wiki/Erwin_Bauer,Erwin,Bauer,1912-07-17,German,,
baumgartner,http://en.wikipedia.org/wiki/Zsolt_Baumgartner,Zsolt,Baumgartner,1981-01-01,Hungarian,,
bayol,http://en.wikipedia.org/wiki/%C3%89lie_Bayol,Élie,Bayol,1914-02-28,French,,
beauman,http://en.wikipedia.org/wiki/Don_Beauman,Don,Beauman,1928-07-26,British,,
bechem,http://en.wikipedia.org/wiki/G%C3%BCnther_Bechem,Günther,Bechem,1921-12-21,German,,
behra,http://en.wikipedia.org/wiki/Jean_Behra,Jean,Behra,1921-02-16,French,,
bell,http://en.wikipedia.org/wiki/Derek_Bell_(auto_racer),Derek,Bell,1941-10-31,British,,
bellof,http://en.wikipedia.org/wiki/Stefan_Bellof,Stefan,Bellof,1957-11-20,German,,
belmondo,http://en.wikipedia.org/wiki/Paul_Belmondo,Paul,Belmondo,1963-04-23,French,,
belso,http://en.wikipedia.org/wiki/Tom_Bels%C3%B8,Tom,Belsø,1942-08-27,Danish,,
beltoise,http://en.wikipedia.org/wiki/Jean-Pierre_Beltoise,Jean-Pierre,Beltoise,1937-04-26,French,,
beretta,http://en.wikipedia.org/wiki/Olivier_Beretta,Olivier,Beretta,1969-11-23,Monegasque,,
berg,http://en.wikipedia.org/wiki/Allen_Berg,Allen,Berg,1961-08-01,Canadian,,
berger,http://en.wikipedia.org/wiki/Gerhard_Berger,Gerhard,Berger,1959-08-27,Austrian,,
georges_berger,http://en.wikipedia.org/wiki/Georges_Berger,Georges,Berger,1918-09-14,Belgian,,
bernard,http://en.wikipedia.org/wiki/%C3%89ric_Bernard,Éric,Bernard,1964-08-24,French,,
bernoldi,http://en.wikipedia.org/wiki/Enrique_Bernoldi,Enrique,Bernoldi,1978-10-19,Brazilian,,
bertaggia,http://en.wikipedia.org/wiki/Enrico_Bertaggia,Enrico,Bertaggia,1964-09-19,Italian,,
bettenhausen,http://en.wikipedia.org/wiki/Tony_Bettenhausen,Tony,Bettenhausen,1916-09-12,American,,
beuttler,http://en.wikipedia.org/wiki/Mike_Beuttler,Mike,Beuttler,1940-04-13,British,,
bianchi,http://en.wikipedia.org/wiki/Lucien_Bianchi,Lucien,Bianchi,1934-11-10,Belgian,BIA,
jules_bianchi,http://en.wikipedia.org/wiki/Jules_Bianchi,Jules,Bianchi,1989-08-03,French,BIA,17
bianco,http://en.wikipedia.org/wiki/Gino_Bianco,Gino,Bianco,1916-07-22,Brazilian,,
binder,http://en.wikipedia.org/wiki/Hans_Binder,Hans,Binder,1948-06-12,Austrian,,
biondetti,http://en.wikipedia.org/wiki/Clemente_Biondetti,Clemente,Biondetti,1898-08-18,Italian,,
bira,http://en.wikipedia.org/wiki/Prince_Bira,Prince,Bira,1914-07-15,Thai,,
birger,http://en.wikipedia.org/wiki/Pablo_Birger,Pablo,Birger,1924-01-07,Argentine,,
bisch,http://en.wikipedia.org/wiki/Art_Bisch,Art,Bisch,1926-11-10,American,,
blanchard,http://en.wikipedia.org/wiki/Harry_Blanchard,Harry,Blanchard,1929-06-13,American,,
bleekemolen,http://en.wikipedia.org/wiki/Michael_Bleekemolen,Michael,Bleekemolen,1949-10-02,Dutch,,
blignaut,http://en.wikipedia.org/wiki/Alex_Blignaut,Alex,Blignaut,1932-11-30,South African,,
blokdyk,http://en.wikipedia.org/wiki/Trevor_Blokdyk,Trevor,Blokdyk,1935-11-30,South African,,
blundell,http://en.wikipedia.org/wiki/Mark_Blundell,Mark,Blundell,1966-04-08,British,,
boesel,http://en.wikipedia.org/wiki/Raul_Boesel,Raul,Boesel,1957-12-04,Brazilian,,
boffa,http://en.wikipedia.org/wiki/Menato_Boffa,Menato,Boffa,1930-01-04,Italian,,
bondurant,http://en.wikipedia.org/wiki/Bob_Bondurant,Bob,Bondurant,1933-04-27,American,,
bonetto,http://en.wikipedia.org/wiki/Felice_Bonetto,Felice,Bonetto,1903-06-09,Italian,,
bonnier,http://en.wikipedia.org/wiki/Joakim_Bonnier,Jo,Bonnier,1930-01-31,Swedish,,
bonomi,http://en.wikipedia.org/wiki/Roberto_Bonomi,Roberto,Bonomi,1919-09-30,Argentine,,
bordeu,http://en.wikipedia.org/wiki/Juan_Manuel_Bordeu,Juan Manuel,Bordeu,1934-01-28,Argentine,,
borgudd,http://en.wikipedia.org/wiki/Slim_Borgudd,Slim,Borgudd,1946-11-25,Swedish,,
botha,http://en.wikipedia.org/wiki/Luki_Botha,Luki,Botha,1930-01-16,South African,,
bottas,http://en.wikipedia.org/wiki/Valtteri_Bottas,Valtteri,Bottas,1989-08-28,Finnish,BOT,77
boullion,http://en.wikipedia.org/wiki/Jean-Christophe_Boullion,Jean-Christophe,Boullion,1969-12-27,French,,
bourdais,http://en.wikipedia.org/wiki/S%C3%A9bastien_Bourdais,Sébastien,Bourdais,1979-02-28,French,BOU,
boutsen,http://en.wikipedia.org/wiki/Thierry_Boutsen,Thierry,Boutsen,1957-07-13,Belgian,,
boyd,http://en.wikipedia.org/wiki/Johnny_Boyd,Johnny,Boyd,1926-08-19,American,,
brabham,http://en.wikipedia.org/wiki/David_Brabham,David,Brabham,1965-09-05,Australian,,
gary_brabham,http://en.wikipedia.org/wiki/Gary_Brabham,Gary,Brabham,1961-03-29,Australian,,
jack_brabham,http://en.wikipedia.org/wiki/Jack_Brabham,Jack,Brabham,1926-04-02,Australian,,
brack,http://en.wikipedia.org/wiki/Bill_Brack,Bill,Brack,1935-12-26,Canadian,,
brambilla,http://en.wikipedia.org/wiki/Vittorio_Brambilla,Vittorio,Brambilla,1937-11-11,Italian,,
ernesto_brambilla,http://en.wikipedia.org/wiki/Ernesto_Brambilla,Ernesto,Brambilla,1934-01-31,Italian,,
branca,http://en.wikipedia.org/wiki/Toni_Branca,Toni,Branca,1916-09-15,Swiss,,
brancatelli,http://en.wikipedia.org/wiki/Gianfranco_Brancatelli,Gianfranco,Brancatelli,1950-01-18,Italian,,
brandon,http://en.wikipedia.org/wiki/Eric_Brandon,Eric,Brandon,1920-07-18,British,,
branson,http://en.wikipedia.org/wiki/Don_Branson,Don,Branson,1920-06-02,American,,
bridger,http://en.wikipedia.org/wiki/Tom_Bridger,Tom,Bridger,1934-06-24,British,,
brise,http://en.wikipedia.org/wiki/Tony_Brise,Tony,Brise,1952-03-28,British,,
bristow,http://en.wikipedia.org/wiki/Chris_Bristow,Chris,Bristow,1937-12-02,British,,
broeker,http://en.wikipedia.org/wiki/Peter_Broeker,Peter,Broeker,1926-05-15,Canadian,,
brooks,http://en.wikipedia.org/wiki/Tony_Brooks,Tony,Brooks,1932-02-25,British,,
brown,http://en.wikipedia.org/wiki/Warwick_Brown,Warwick,Brown,1949-12-24,Australian,,
alan_brown,http://en.wikipedia.org/wiki/Alan_Brown_(racing_driver),Alan,Brown,1919-11-20,British,,
walt_brown,http://en.wikipedia.org/wiki/Walt_Brown_(auto_racer),Walt,Brown,1911-12-30,American,,
brudes,http://en.wikipedia.org/wiki/Adolf_Brudes,Adolf,Brudes,1899-10-15,German,,
brundle,http://en.wikipedia.org/wiki/Martin_Brundle,Martin,Brundle,1959-06-01,British,,
bruni,http://en.wikipedia.org/wiki/Gianmaria_Bruni,Gianmaria,Bruni,1981-05-30,Italian,,
bryan,http://en.wikipedia.org/wiki/Jimmy_Bryan,Jimmy,Bryan,1926-01-28,American,,
bucci,http://en.wikipedia.org/wiki/Clemar_Bucci,Clemar,Bucci,1920-09-04,Argentine,,
bucknum,http://en.wikipedia.org/wiki/Ronnie_Bucknum,Ronnie,Bucknum,1936-04-05,American,,
bueb,http://en.wikipedia.org/wiki/Ivor_Bueb,Ivor,Bueb,1923-06-06,British,,
buemi,http://en.wikipedia.org/wiki/S%C3%A9bastien_Buemi,Sébastien,Buemi,1988-10-31,Swiss,BUE,
bueno,http://en.wikipedia.org/wiki/Luiz_Bueno,Luiz,Bueno,1937-01-16,Brazilian,,
burgess,http://en.wikipedia.org/wiki/Ian_Burgess,Ian,Burgess,1930-07-06,British,,
burti,http://en.wikipedia.org/wiki/Luciano_Burti,Luciano,Burti,1975-03-05,Brazilian,,
bussinello,http://en.wikipedia.org/wiki/Roberto_Bussinello,Roberto,Bussinello,1927-10-04,Italian,,
button,http://en.wikipedia.org/wiki/Jenson_Button,Jenson,Button,1980-01-19,British,BUT,22
byrne,http://en.wikipedia.org/wiki/Tommy_Byrne_%28racing_driver%29,Tommy,Byrne,1958-05-06,Irish,,
cabantous,http://en.wikipedia.org/wiki/Yves_Giraud_Cabantous,Yves,Cabantous,1904-10-08,French,,
cabianca,http://en.wikipedia.org/wiki/Giulio_Cabianca,Giulio,Cabianca,1923-02-19,Italian,,
cabral,http://en.wikipedia.org/wiki/Mario_de_Araujo_Cabral,Mário de Araújo,Cabral,1934-01-15,Portuguese,,
cade,http://en.wikipedia.org/wiki/Phil_Cade,Phil,Cade,1916-06-12,American,,
caffi,http://en.wikipedia.org/wiki/Alex_Caffi,Alex,Caffi,1964-03-18,Italian,,
campbell-jones,http://en.wikipedia.org/wiki/John_Campbell-Jones,John,Campbell-Jones,1930-01-21,British,,
campos,http://en.wikipedia.org/wiki/Adri%C3%A1n_Campos,Adrián,Campos,1960-06-17,Spanish,,
Cannoc,http://en.wikipedia.org/wiki/John_Cannon_(auto_racer),John,Cannon,1933-06-21,Canadian,,
cantoni,http://en.wikipedia.org/wiki/Eitel_Cantoni,Eitel,Cantoni,1906-10-04,Uruguayan,,
cantrell,http://en.wikipedia.org/wiki/William_Cantrell,Bill,Cantrell,1908-01-31,American,,
capelli,http://en.wikipedia.org/wiki/Ivan_Capelli,Ivan,Capelli,1963-05-24,Italian,,
carini,http://en.wikipedia.org/wiki/Piero_Carini,Piero,Carini,1921-03-06,Italian,,
darter,http://en.wikipedia.org/wiki/Duane_Carter,Duane,Carter,1913-05-05,American,,
castellotti,http://en.wikipedia.org/wiki/Eugenio_Castellotti,Eugenio,Castellotti,1930-10-10,Italian,,
cecotto,http://en.wikipedia.org/wiki/Johnny_Cecotto,Johnny,Cecotto,1956-01-25,Venezuelan,,
cevert,http://en.wikipedia.org/wiki/Fran%C3%A7ois_Cevert,François,Cevert,1944-02-25,French,,
chaboud,http://en.wikipedia.org/wiki/Eug%C3%A8ne_Chaboud,Eugène,Chaboud,1907-04-12,French,,
chamberlain,http://en.wikipedia.org/wiki/Jay_Chamberlain,Jay,Chamberlain,1925-12-29,American,,
chandhok,http://en.wikipedia.org/wiki/Karun_Chandhok,Karun,Chandhok,1984-01-19,Indian,CHA,
chapman,http://en.wikipedia.org/wiki/Colin_Chapman,Colin,Chapman,1928-05-19,British,,
charlton,http://en.wikipedia.org/wiki/Dave_Charlton,Dave,Charlton,1936-10-27,South African,,
chaves,http://en.wikipedia.org/wiki/Pedro_Chaves,Pedro,Chaves,1965-02-27,Portuguese,,
cheesbourg,http://en.wikipedia.org/wiki/Bill_Cheesbourg,Bill,Cheesbourg,1927-06-12,American,,
cheever,http://en.wikipedia.org/wiki/Eddie_Cheever,Eddie,Cheever,1958-01-10,American,,
chiesa,http://en.wikipedia.org/wiki/Andrea_Chiesa,Andrea,Chiesa,1964-05-06,Swiss,,
chilton,http://en.wikipedia.org/wiki/Max_Chilton,Max,Chilton,1991-04-21,British,CHI,4
chimeri,http://en.wikipedia.org/wiki/Ettore_Chimeri,Ettore,Chimeri,1921-06-04,Venezuelan,,
chiron,http://en.wikipedia.org/wiki/Louis_Chiron,Louis,Chiron,1899-08-03,Monegasque,,
chitwood,http://en.wikipedia.org/wiki/Joie_Chitwood,Joie,Chitwood,1912-04-14,American,,
christie,http://en.wikipedia.org/wiki/Bob_Christie_(racing_driver),Bob,Christie,1924-04-04,American,,
claes,http://en.wikipedia.org/wiki/Johnny_Claes,Johnny,Claes,1916-08-11,Belgian,,
clapham,http://en.wikipedia.org/wiki/David_Clapham,David,Clapham,1931-05-18,South African,,
clark,http://en.wikipedia.org/wiki/Jim_Clark,Jim,Clark,1936-03-04,British,,
cogan,http://en.wikipedia.org/wiki/Kevin_Cogan,Kevin,Cogan,1956-03-31,American,,
collins,http://en.wikipedia.org/wiki/Peter_Collins_(racing_driver),Peter,Collins,1931-11-06,British,,
collomb,http://en.wikipedia.org/wiki/Bernard_Collomb,Bernard,Collomb,1930-10-07,French,,
colombo,http://en.wikipedia.org/wiki/Alberto_Colombo,Alberto,Colombo,1946-02-23,Italian,,
comas,http://en.wikipedia.org/wiki/%C3%89rik_Comas,Érik,Comas,1963-09-28,French,,
comotti,http://en.wikipedia.org/wiki/Franco_Comotti,Franco,Comotti,1906-07-24,Italian,,
george_connor,http://en.wikipedia.org/wiki/George_Connor_(driver),George,Connor,1906-08-16,American,,
constantine,http://en.wikipedia.org/wiki/George_Constantine,George,Constantine,1918-02-22,American,,
cordts,http://en.wikipedia.org/wiki/John_Cordts,John,Cordts,1935-07-23,Canadian,,
coulthard,http://en.wikipedia.org/wiki/David_Coulthard,David,Coulthard,1971-03-27,British,COU,
courage,http://en.wikipedia.org/wiki/Piers_Courage,Piers,Courage,1942-05-27,British,,
craft,http://en.wikipedia.org/wiki/Chris_Craft_(racing_driver),Chris,Craft,1939-11-17,British,,
crawford,http://en.wikipedia.org/wiki/Jim_Crawford_(driver),Jim,Crawford,1948-02-13,British,,
ray_crawford,http://en.wikipedia.org/wiki/Ray_Crawford,Ray,Crawford,1915-10-26,American,,
crespo,http://en.wikipedia.org/wiki/Alberto_Crespo,Alberto,Crespo,1920-01-16,Argentine,,
creus,http://en.wikipedia.org/wiki/Antonio_Creus,Antonio,Creus,1924-10-28,Spanish,,
crockett,http://en.wikipedia.org/wiki/Larry_Crockett,Larry,Crockett,1926-10-23,American,,
crook,http://en.wikipedia.org/wiki/Tony_Crook,Tony,Crook,1920-02-16,British,,
cross,http://en.wikipedia.org/wiki/Art_Cross,Art,Cross,1918-01-24,American,,
crossley,http://en.wikipedia.org/wiki/Geoff_Crossley,Geoff,Crossley,1921-05-11,British,,
cruz,http://en.wikipedia.org/wiki/Adolfo_Schewelm_Cruz,Adolfo,Cruz,1923-06-28,Argentine,,
ambrosio,http://en.wikipedia.org/wiki/J%C3%A9r%C3%B4me_d%27Ambrosio,Jérôme,d'Ambrosio,1985-12-27,Belgian,DAM,
orey,http://en.wikipedia.org/wiki/Fritz_d%27Orey,Fritz,d'Orey,1938-03-25,Brazilian,,
matta,http://en.wikipedia.org/wiki/Cristiano_da_Matta,Cristiano,da Matta,1973-09-19,Brazilian,,
ramos,http://en.wikipedia.org/wiki/Hernando_da_Silva_Ramos,Hernando,da Silva Ramos,1925-12-07,Brazilian,,
daigh,http://en.wikipedia.org/wiki/Chuck_Daigh,Chuck,Daigh,1923-11-29,American,,
dalmas,http://en.wikipedia.org/wiki/Yannick_Dalmas,Yannick,Dalmas,1961-07-28,French,,
daly,http://en.wikipedia.org/wiki/Derek_Daly,Derek,Daly,1953-03-11,Irish,,
danner,http://en.wikipedia.org/wiki/Christian_Danner,Christian,Danner,1958-04-04,German,,
daponte,http://en.wikipedia.org/wiki/Jorge_Daponte,Jorge,Daponte,1923-06-05,Argentine,,
davidson,http://en.wikipedia.org/wiki/Anthony_Davidson,Anthony,Davidson,1979-04-18,British,DAV,
davies,http://en.wikipedia.org/wiki/Jimmy_Davies,Jimmy,Davies,1929-08-08,American,,
davis,http://en.wikipedia.org/wiki/Colin_Davis_(driver),Colin,Davis,1933-07-29,British,,
daywalt,http://en.wikipedia.org/wiki/Jimmy_Daywalt,Jimmy,Daywalt,1924-08-28,American,,
adamich,http://en.wikipedia.org/wiki/Andrea_de_Adamich,Andrea,de Adamich,1941-10-03,Italian,,
angelis,http://en.wikipedia.org/wiki/Elio_de_Angelis,Elio,de Angelis,1958-03-26,Italian,,
beaufort,http://en.wikipedia.org/wiki/Carel_Godin_de_Beaufort,Carel Godin,de Beaufort,1934-04-10,Dutch,,
cesaris,http://en.wikipedia.org/wiki/Andrea_de_Cesaris,Andrea,de Cesaris,1959-05-31,Italian,,
Changy,http://en.wikipedia.org/wiki/Alain_de_Changy,Alain,de Changy,1922-02-05,Belgian,,
dryver,http://en.wikipedia.org/wiki/Bernard_de_Dryver,Bernard,de Dryver,1952-09-19,Belgian,,
filippis,http://en.wikipedia.org/wiki/Maria_Teresa_de_Filippis,Maria,de Filippis,1926-11-11,Italian,,
graffenried,http://en.wikipedia.org/wiki/Toulo_de_Graffenried,Toulo,de Graffenried,1914-05-18,Swiss,,
klerk,http://en.wikipedia.org/wiki/Peter_de_Klerk,Peter,de Klerk,1935-03-16,South African,,
rosa,http://en.wikipedia.org/wiki/Pedro_de_la_Rosa,Pedro,de la Rosa,1971-02-24,Spanish,DLR,
portago,http://en.wikipedia.org/wiki/Alfonso_de_Portago,Alfonso,de Portago,1928-10-11,Spanish,,
riu,http://en.wikipedia.org/wiki/Giovanni_de_Riu,Giovanni,de Riu,1925-03-10,Italian,,
terra,http://en.wikipedia.org/wiki/Max_de_Terra,Max,de Terra,1918-10-06,Swiss,,
tomaso,http://en.wikipedia.org/wiki/Alessandro_de_Tomaso,Alessandro,de Tomaso,1928-07-10,Argentine-Italian,,
tornaco,http://en.wikipedia.org/wiki/Charles_de_Tornaco,Charles,de Tornaco,1927-06-07,Belgian,,
villota,http://en.wikipedia.org/wiki/Emilio_de_Villota,Emilio,de Villota,1946-07-26,Spanish,,
vos,http://en.wikipedia.org/wiki/Ernie_de_Vos,Ernie,de Vos,1941-07-01,Dutch,,
deletraz,http://en.wikipedia.org/wiki/Jean-Denis_Deletraz,Jean-Denis,Délétraz,1963-10-01,Swiss,,
depailler,http://en.wikipedia.org/wiki/Patrick_Depailler,Patrick,Depailler,1944-08-09,French,,
grassi,http://en.wikipedia.org/wiki/Lucas_di_Grassi,Lucas,di Grassi,1984-08-11,Brazilian,DIG,
resta,http://en.wikipedia.org/wiki/Paul_di_Resta,Paul,di Resta,1986-04-16,British,DIR,
diniz,http://en.wikipedia.org/wiki/Pedro_Diniz,Pedro,Diniz,1970-05-22,Brazilian,,
dinsmore,http://en.wikipedia.org/wiki/Duke_Dinsmore,Duke,Dinsmore,1913-04-10,American,,
dochnal,http://en.wikipedia.org/wiki/Frank_Dochnal,Frank,Dochnal,1920-10-08,American,,
dolhem,http://en.wikipedia.org/wiki/Jos%C3%A9_Dolhem,José,Dolhem,1944-04-26,French,,
donnelly,http://en.wikipedia.org/wiki/Martin_Donnelly_(racing_driver),Martin,Donnelly,1964-03-26,British,,
donohue,http://en.wikipedia.org/wiki/Mark_Donohue,Mark,Donohue,1937-03-18,American,,
doornbos,http://en.wikipedia.org/wiki/Robert_Doornbos,Robert,Doornbos,1981-09-23,Dutch,DOO,
downing,http://en.wikipedia.org/wiki/Ken_Downing,Ken,Downing,1917-12-05,British,,
drake,http://en.wikipedia.org/wiki/Bob_Drake_(Formula_One),Bob,Drake,1919-12-14,American,,
driver,http://en.wikipedia.org/wiki/Paddy_Driver,Paddy,Driver,1934-05-13,South African,,
drogo,http://en.wikipedia.org/wiki/Piero_Drogo,Piero,Drogo,1926-08-08,Italian,,
duke,http://en.wikipedia.org/wiki/Geoff_Duke,Geoff,Duke,1923-03-29,British,,
dumfries,http://en.wikipedia.org/wiki/Johnny_Dumfries,Johnny,Dumfries,1958-04-26,British,,
duncan,http://en.wikipedia.org/wiki/Len_Duncan,Len,Duncan,1911-07-25,American,,
dusio,http://en.wikipedia.org/wiki/Piero_Dusio,Piero,Dusio,1899-10-13,Italian,,
eaton,http://en.wikipedia.org/wiki/George_Eaton,George,Eaton,1945-11-12,Canadian,,
ecclestone,http://en.wikipedia.org/wiki/Bernie_Ecclestone,Bernie,Ecclestone,1930-10-28,British,,
edmunds,http://en.wikipedia.org/wiki/Don_Edmunds,Don,Edmunds,1930-09-23,American,,
edwards,http://en.wikipedia.org/wiki/Guy_Edwards,Guy,Edwards,1942-12-30,British,,
elford,http://en.wikipedia.org/wiki/Vic_Elford,Vic,Elford,1935-06-10,British,,
elisian,http://en.wikipedia.org/wiki/Ed_Elisian,Ed,Elisian,1926-12-09,American,,
emery,http://en.wikipedia.org/wiki/Paul_Emery,Paul,Emery,1916-11-12,British,,
enge,http://en.wikipedia.org/wiki/Tom%C3%A1%C5%A1_Enge,Tomáš,Enge,1976-09-11,Czech,,
england,http://en.wikipedia.org/wiki/Paul_England,Paul,England,1929-03-28,Australian,,
ericsson,http://en.wikipedia.org/wiki/Marcus_Ericsson,Marcus,Ericsson,1990-09-02,Swedish,ERI,9
ertl,http://en.wikipedia.org/wiki/Harald_Ertl,Harald,Ertl,1948-08-31,Austrian,,
estefano,http://en.wikipedia.org/wiki/Nasif_Est%C3%A9fano,Nasif,Estéfano,1932-11-18,Argentine,,
etancelin,http://en.wikipedia.org/wiki/Philippe_%C3%89tancelin,Philippe,Étancelin,1896-12-28,French,,
evans,http://en.wikipedia.org/wiki/Bob_Evans_(race_driver),Bob,Evans,1947-06-11,British,,
fabi,http://en.wikipedia.org/wiki/Teo_Fabi,Teo,Fabi,1955-03-09,Italian,,
corrado_fabi,http://en.wikipedia.org/wiki/Corrado_Fabi,Corrado,Fabi,1961-04-12,Italian,,
fabre,http://en.wikipedia.org/wiki/Pascal_Fabre,Pascal,Fabre,1960-01-09,French,,
facetti,http://en.wikipedia.org/wiki/Carlo_Facetti,Carlo,Facetti,1935-06-26,Italian,,
fagioli,http://en.wikipedia.org/wiki/Luigi_Fagioli,Luigi,Fagioli,1898-06-09,Italian,,
fairman,http://en.wikipedia.org/wiki/Jack_Fairman,Jack,Fairman,1913-03-15,British,,
fangio,http://en.wikipedia.org/wiki/Juan_Manuel_Fangio,Juan,Fangio,1911-06-24,Argentine,,
farina,http://en.wikipedia.org/wiki/Nino_Farina,Nino,Farina,1906-10-30,Italian,,
faulkner,http://en.wikipedia.org/wiki/Walt_Faulkner,Walt,Faulkner,1920-02-16,American,,
firman,http://en.wikipedia.org/wiki/Ralph_Firman,Ralph,Firman,1975-05-20,Irish,,
fischer,http://en.wikipedia.org/wiki/Rudi_Fischer,Rudi,Fischer,1912-04-19,Swiss,,
fisher,http://en.wikipedia.org/wiki/Mike_Fisher_(driver),Mike,Fisher,1943-03-13,American,,
fisichella,http://en.wikipedia.org/wiki/Giancarlo_Fisichella,Giancarlo,Fisichella,1973-01-14,Italian,FIS,
fitch,http://en.wikipedia.org/wiki/John_Fitch_(driver),John,Fitch,1917-08-04,American,,
fittipaldi,http://en.wikipedia.org/wiki/Christian_Fittipaldi,Christian,Fittipaldi,1971-01-18,Brazilian,,
emerson_fittipaldi,http://en.wikipedia.org/wiki/Emerson_Fittipaldi,Emerson,Fittipaldi,1946-12-12,Brazilian,,
wilson_fittipaldi,http://en.wikipedia.org/wiki/Wilson_Fittipaldi,Wilson,Fittipaldi,1943-12-25,Brazilian,,
fitzau,http://en.wikipedia.org/wiki/Theo_Fitzau,Theo,Fitzau,1923-02-10,East German,,
flaherty,http://en.wikipedia.org/wiki/Pat_Flaherty_(racing_driver),Pat,Flaherty,1926-01-06,American,,
flinterman,http://en.wikipedia.org/wiki/Jan_Flinterman,Jan,Flinterman,1919-10-02,Dutch,,
flockhart,http://en.wikipedia.org/wiki/Ron_Flockhart_(auto_racing),Ron,Flockhart,1923-06-16,British,,
fohr,http://en.wikipedia.org/wiki/Myron_Fohr,Myron,Fohr,1912-06-17,American,,
foitek,http://en.wikipedia.org/wiki/Gregor_Foitek,Gregor,Foitek,1965-03-27,Swiss,,
follmer,http://en.wikipedia.org/wiki/George_Follmer,George,Follmer,1934-01-27,American,,
fonder,http://en.wikipedia.org/wiki/George_Fonder,George,Fonder,1917-06-22,American,,
fontana,http://en.wikipedia.org/wiki/Norberto_Fontana,Norberto,Fontana,1975-01-20,Argentine,,
fontes,http://en.wikipedia.org/wiki/Azdrubal_Fontes,Azdrubal,Fontes,1922-12-26,Uruguayan,,
forberg,http://en.wikipedia.org/wiki/Carl_Forberg,Carl,Forberg,1911-03-04,American,,
force,http://en.wikipedia.org/wiki/Gene_Force,Gene,Force,1916-06-15,American,,
forini,http://en.wikipedia.org/wiki/Franco_Forini,Franco,Forini,1958-09-22,Swiss,,
parker,http://en.wikipedia.org/wiki/Philip_Fotheringham-Parker,Philip,Fotheringham-Parker,1907-09-22,British,,
foyt,http://en.wikipedia.org/wiki/A.J._Foyt,Anthony,Foyt,1935-01-16,American,,
gimax,http://en.wikipedia.org/wiki/Gimax,Carlo,Franchi,1938-01-01,Italian,,
francia,http://en.wikipedia.org/wiki/Giorgio_Francia,Giorgio,Francia,1947-11-08,Italian,,
freeland,http://en.wikipedia.org/wiki/Don_Freeland,Don,Freeland,1925-03-25,American,,
frentzen,http://en.wikipedia.org/wiki/Heinz-Harald_Frentzen,Heinz-Harald,Frentzen,1967-05-18,German,,
frere,http://en.wikipedia.org/wiki/Paul_Fr%C3%A8re,Paul,Frère,1917-01-30,Belgian,,
friesacher,http://en.wikipedia.org/wiki/Patrick_Friesacher,Patrick,Friesacher,1980-09-26,Austrian,FRI,
fry,http://en.wikipedia.org/wiki/Joe_Fry,Joe,Fry,1915-10-26,British,,
fushida,http://en.wikipedia.org/wiki/Hiroshi_Fushida,Hiroshi,Fushida,1946-03-10,Japanese,,
gabbiani,http://en.wikipedia.org/wiki/Beppe_Gabbiani,Beppe,Gabbiani,1957-01-02,Italian,,
gachot,http://en.wikipedia.org/wiki/Bertrand_Gachot,Bertrand,Gachot,1962-12-23,Belgian,,
gaillard,http://en.wikipedia.org/wiki/Patrick_Gaillard,Patrick,Gaillard,1952-02-12,French,,
galica,http://en.wikipedia.org/wiki/Divina_Galica,Divina,Galica,1944-08-13,British,,
galli,http://en.wikipedia.org/wiki/Nanni_Galli,Nanni,Galli,1940-10-02,Italian,,
galvez,http://en.wikipedia.org/wiki/%C3%93scar_Alfredo_G%C3%A1lvez,Oscar,Gálvez,1913-08-17,Argentine,,
gamble,http://en.wikipedia.org/wiki/Fred_Gamble_(racing_driver),Fred,Gamble,1932-03-17,American,,
ganley,http://en.wikipedia.org/wiki/Howden_Ganley,Howden,Ganley,1941-12-24,New Zealander,,
gardner,http://en.wikipedia.org/wiki/Frank_Gardner_(driver),Frank,Gardner,1930-10-01,Australian,,
garrett,http://en.wikipedia.org/wiki/Billy_Garrett,Billy,Garrett,1933-04-24,American,,
gartner,http://en.wikipedia.org/wiki/Jo_Gartner,Jo,Gartner,1954-01-24,Austrian,,
gasly,http://en.wikipedia.org/wiki/Pierre_Gasly,Pierre,Gasly,1996-02-07,French,GAS,10
gaze,http://en.wikipedia.org/wiki/Tony_Gaze,Tony,Gaze,1920-02-03,Australian,,
gendebien,http://en.wikipedia.org/wiki/Olivier_Gendebien,Olivier,Gendebien,1924-01-12,Belgian,,
gene,http://en.wikipedia.org/wiki/Marc_Gen%C3%A9,Marc,Gené,1974-03-29,Spanish,,
george,http://en.wikipedia.org/wiki/Elmer_George,Elmer,George,1928-07-15,American,,
gerard,http://en.wikipedia.org/wiki/Bob_Gerard,Bob,Gerard,1914-01-19,British,,
gerini,http://en.wikipedia.org/wiki/Gerino_Gerini_(racing_driver),Gerino,Gerini,1928-08-10,Italian,,
gethin,http://en.wikipedia.org/wiki/Peter_Gethin,Peter,Gethin,1940-02-21,British,,
ghinzani,http://en.wikipedia.org/wiki/Piercarlo_Ghinzani,Piercarlo,Ghinzani,1952-01-16,Italian,,
giacomelli,http://en.wikipedia.org/wiki/Bruno_Giacomelli,Bruno,Giacomelli,1952-09-10,Italian,,
gibson,http://en.wikipedia.org/wiki/Dick_Gibson,Dick,Gibson,1918-04-16,British,,
ginther,http://en.wikipedia.org/wiki/Richie_Ginther,Richie,Ginther,1930-08-05,American,,
giovinazzi,http://en.wikipedia.org/wiki/Antonio_Giovinazzi,Antonio,Giovinazzi,1993-12-14,Italian,GIO,99
giunti,http://en.wikipedia.org/wiki/Ignazio_Giunti,Ignazio,Giunti,1941-08-30,Italian,,
glock,http://en.wikipedia.org/wiki/Timo_Glock,Timo,Glock,1982-03-18,German,GLO,
godia,http://en.wikipedia.org/wiki/Paco_Godia,Paco,Godia,1921-03-21,Spanish,,
goethals,http://en.wikipedia.org/wiki/Christian_Goethals,Christian,Goethals,1928-08-04,Belgian,,
goldsmith,http://en.wikipedia.org/wiki/Paul_Goldsmith,Paul,Goldsmith,1925-10-02,American,,
gonzalez,http://en.wikipedia.org/wiki/Jos%C3%A9_Froil%C3%A1n_Gonz%C3%A1lez,José Froilán,González,1922-10-05,Argentine,,
oscar_gonzalez,http://en.wikipedia.org/wiki/Oscar_Gonz%C3%A1lez_(racing_driver),Óscar,González,1923-11-10,Uruguayan,,
gordini,http://en.wikipedia.org/wiki/Aldo_Gordini,Aldo,Gordini,1921-05-20,French,,
gould,http://en.wikipedia.org/wiki/Horace_Gould,Horace,Gould,1918-09-20,British,,
gounon,http://en.wikipedia.org/wiki/Jean-Marc_Gounon,Jean-Marc,Gounon,1963-01-01,French,,
green,http://en.wikipedia.org/wiki/Cecil_Green,Cecil,Green,1919-09-30,American,,
greene,http://en.wikipedia.org/wiki/Keith_Greene,Keith,Greene,1938-01-05,British,,
gregory,http://en.wikipedia.org/wiki/Masten_Gregory,Masten,Gregory,1932-02-29,American,,
griffith,http://en.wikipedia.org/wiki/Cliff_Griffith,Cliff,Griffith,1916-02-06,American,,
grignard,http://en.wikipedia.org/wiki/Georges_Grignard,Georges,Grignard,1905-07-25,French,,
grim,http://en.wikipedia.org/wiki/Bobby_Grim,Bobby,Grim,1924-09-04,American,,
grosjean,http://en.wikipedia.org/wiki/Romain_Grosjean,Romain,Grosjean,1986-04-17,French,GRO,8
grouillard,http://en.wikipedia.org/wiki/Olivier_Grouillard,Olivier,Grouillard,1958-09-02,French,,
gubby,http://en.wikipedia.org/wiki/Brian_Gubby,Brian,Gubby,1934-04-17,British,,
guelfi,http://en.wikipedia.org/wiki/Andr%C3%A9_Guelfi,André,Guelfi,1919-05-06,French,,
guerra,http://en.wikipedia.org/wiki/Miguel_Angel_Guerra,Miguel Ángel,Guerra,1953-08-31,Argentine,,
guerrero,http://en.wikipedia.org/wiki/Roberto_Guerrero,Roberto,Guerrero,1958-11-16,Colombian,,
gugelmin,http://en.wikipedia.org/wiki/Maur%C3%ADcio_Gugelmin,Maurício,Gugelmin,1963-04-20,Brazilian,,
gurney,http://en.wikipedia.org/wiki/Dan_Gurney,Dan,Gurney,1931-04-13,American,,
gutierrez,http://en.wikipedia.org/wiki/Esteban_Guti%C3%A9rrez,Esteban,Gutiérrez,1991-08-05,Mexican,GUT,21
hahne,http://en.wikipedia.org/wiki/Hubert_Hahne,Hubert,Hahne,1935-03-28,German,,
hailwood,http://en.wikipedia.org/wiki/Mike_Hailwood,Mike,Hailwood,1940-04-02,British,,
hakkinen,http://en.wikipedia.org/wiki/Mika_H%C3%A4kkinen,Mika,Häkkinen,1968-09-28,Finnish,,
halford,http://en.wikipedia.org/wiki/Bruce_Halford,Bruce,Halford,1931-05-18,British,,
hall,http://en.wikipedia.org/wiki/Jim_Hall_(race_car_driver),Jim,Hall,1935-07-23,American,,
hamilton,http://en.wikipedia.org/wiki/Lewis_Hamilton,Lewis,Hamilton,1985-01-07,British,HAM,44
duncan_hamilton,http://en.wikipedia.org/wiki/Duncan_Hamilton_(racing_driver),Duncan,Hamilton,1920-04-30,British,,
hampshire,http://en.wikipedia.org/wiki/David_Hampshire,David,Hampshire,1917-12-29,British,,
hanks,http://en.wikipedia.org/wiki/Sam_Hanks,Sam,Hanks,1914-07-13,American,,
hansgen,http://en.wikipedia.org/wiki/Walt_Hansgen,Walt,Hansgen,1919-10-28,American,,
harris,http://en.wikipedia.org/wiki/Mike_Harris_(race_car_driver),Mike,Harris,1939-05-25,South African,,
harrison,http://en.wikipedia.org/wiki/Cuth_Harrison,Cuth,Harrison,1906-07-06,British,,
hart,http://en.wikipedia.org/wiki/Brian_Hart,Brian,Hart,1936-09-07,British,,
hartley,http://en.wikipedia.org/wiki/Gene_Hartley,Gene,Hartley,1926-01-28,American,,
brendon_hartley,http://en.wikipedia.org/wiki/Brendon_Hartley,Brendon,Hartley,1989-11-10,New Zealander,HAR,28
haryanto,http://en.wikipedia.org/wiki/Rio_Haryanto,Rio,Haryanto,1993-01-22,Indonesian,HAR,88
hasemi,http://en.wikipedia.org/wiki/Masahiro_Hasemi,Masahiro,Hasemi,1945-11-13,Japanese,,
hattori,http://en.wikipedia.org/wiki/Naoki_Hattori,Naoki,Hattori,1966-06-13,Japanese,,
hawkins,http://en.wikipedia.org/wiki/Paul_Hawkins_(racing_driver),Paul,Hawkins,1937-10-12,Australian,,
hawthorn,http://en.wikipedia.org/wiki/Mike_Hawthorn,Mike,Hawthorn,1929-04-10,British,,
heeks,http://en.wikipedia.org/wiki/Willi_Heeks,Willi,Heeks,1922-02-13,German,,
heidfeld,http://en.wikipedia.org/wiki/Nick_Heidfeld,Nick,Heidfeld,1977-05-10,German,HEI,
helfrich,http://en.wikipedia.org/wiki/Theo_Helfrich,Theo,Helfrich,1913-05-13,German,,
hellings,http://en.wikipedia.org/wiki/Mack_Hellings,Mack,Hellings,1915-09-14,American,,
henton,http://en.wikipedia.org/wiki/Brian_Henton,Brian,Henton,1946-09-19,British,,
herbert,http://en.wikipedia.org/wiki/Johnny_Herbert,Johnny,Herbert,1964-06-25,British,,
herman,http://en.wikipedia.org/wiki/Al_Herman,Al,Herman,1927-03-15,American,,
herrmann,http://en.wikipedia.org/wiki/Hans_Herrmann,Hans,Herrmann,1928-02-23,German,,
hesnault,http://en.wikipedia.org/wiki/Fran%C3%A7ois_Hesnault,François,Hesnault,1956-12-30,French,,
heyer,http://en.wikipedia.org/wiki/Hans_Heyer,Hans,Heyer,1943-03-16,German,,
damon_hill,http://en.wikipedia.org/wiki/Damon_Hill,Damon,Hill,1960-09-17,British,,
hill,http://en.wikipedia.org/wiki/Graham_Hill,Graham,Hill,1929-02-15,British,,
phil_hill,http://en.wikipedia.org/wiki/Phil_Hill,Phil,Hill,1927-04-20,American,,
hirt,http://en.wikipedia.org/wiki/Peter_Hirt,Peter,Hirt,1910-03-30,Swiss,,
hobbs,http://en.wikipedia.org/wiki/David_Hobbs_(racing_driver),David,Hobbs,1939-06-09,British,,
hocking,http://en.wikipedia.org/wiki/Gary_Hocking,Gary,Hocking,1937-09-30,Rhodesian,,
hoffmann,http://en.wikipedia.org/wiki/Ingo_Hoffmann,Ingo,Hoffmann,1953-02-28,Brazilian,,
holland,http://en.wikipedia.org/wiki/Bill_Holland,Bill,Holland,1907-12-18,American,,
holmes,http://en.wikipedia.org/wiki/Jackie_Holmes,Jackie,Holmes,1920-09-04,American,,
homeier,http://en.wikipedia.org/wiki/Bill_Homeier,Bill,Homeier,1918-08-31,American,,
hoshino,http://en.wikipedia.org/wiki/Kazuyoshi_Hoshino,Kazuyoshi,Hoshino,1947-07-01,Japanese,,
hoyt,http://en.wikipedia.org/wiki/Jerry_Hoyt,Jerry,Hoyt,1929-01-29,American,,
hulkenberg,http://en.wikipedia.org/wiki/Nico_H%C3%BClkenberg,Nico,Hülkenberg,1987-08-19,German,HUL,27
hulme,http://en.wikipedia.org/wiki/Denny_Hulme,Denny,Hulme,1936-06-18,New Zealander,,
hunt,http://en.wikipedia.org/wiki/James_Hunt,James,Hunt,1947-08-29,British,,
hurtubise,http://en.wikipedia.org/wiki/Jim_Hurtubise,Jim,Hurtubise,1932-12-05,American,,
hutchison,http://en.wikipedia.org/wiki/Gus_Hutchison,Gus,Hutchison,1937-04-26,American,,
ickx,http://en.wikipedia.org/wiki/Jacky_Ickx,Jacky,Ickx,1945-01-01,Belgian,,
ide,http://en.wikipedia.org/wiki/Yuji_Ide,Yuji,Ide,1975-01-21,Japanese,IDE,
iglesias,http://en.wikipedia.org/wiki/Jes%C3%BAs_Iglesias,Jesús,Iglesias,1922-02-22,Argentine,,
inoue,http://en.wikipedia.org/wiki/Taki_Inoue,Taki,Inoue,1963-09-05,Japanese,,
ireland,http://en.wikipedia.org/wiki/Innes_Ireland,Innes,Ireland,1930-06-12,British,,
irvine,http://en.wikipedia.org/wiki/Eddie_Irvine,Eddie,Irvine,1965-11-10,British,,
irwin,http://en.wikipedia.org/wiki/Chris_Irwin,Chris,Irwin,1942-06-27,British,,
jabouille,http://en.wikipedia.org/wiki/Jean-Pierre_Jabouille,Jean-Pierre,Jabouille,1942-10-01,French,,
jackson,http://en.wikipedia.org/wiki/Jimmy_Jackson_(driver),Jimmy,Jackson,1910-07-25,American,,
james,http://en.wikipedia.org/wiki/Joe_James_(racing_driver),Joe,James,1925-05-23,American,,
john_james,http://en.wikipedia.org/wiki/John_James_(auto_racer),John,James,1914-05-10,British,,
jarier,http://en.wikipedia.org/wiki/Jean-Pierre_Jarier,Jean-Pierre,Jarier,1946-07-10,French,,
lehto,http://en.wikipedia.org/wiki/Jyrki_J%C3%A4rvilehto,Jyrki,Järvilehto,1966-01-31,Finnish,,
jean,http://en.wikipedia.org/wiki/Max_Jean,Max,Jean,1943-07-27,French,,
johansson,http://en.wikipedia.org/wiki/Stefan_Johansson,Stefan,Johansson,1956-09-08,Swedish,,
johnson,http://en.wikipedia.org/wiki/Eddie_Johnson_(auto_racer),Eddie,Johnson,1919-02-10,American,,
leslie_johnson,http://en.wikipedia.org/wiki/Leslie_Johnson_(racing_driver),Leslie,Johnson,1912-03-22,British,,
johnstone,http://en.wikipedia.org/wiki/Bruce_Johnstone_(racing_driver),Bruce,Johnstone,1937-01-30,South African,,
jones,http://en.wikipedia.org/wiki/Alan_Jones_(Formula_1),Alan,Jones,1946-11-02,Australian,,
tom_jones,http://en.wikipedia.org/wiki/Tom_Jones_(auto_racer),Tom,Jones,1943-04-26,American,,
jover,http://en.wikipedia.org/wiki/Juan_Jover,Juan,Jover,1903-11-23,Spanish,,
karch,http://en.wikipedia.org/wiki/Oswald_Karch,Oswald,Karch,1917-03-06,German,,
karthikeyan,http://en.wikipedia.org/wiki/Narain_Karthikeyan,Narain,Karthikeyan,1977-01-14,Indian,KAR,
katayama,http://en.wikipedia.org/wiki/Ukyo_Katayama,Ukyo,Katayama,1963-05-29,Japanese,,
kavanagh,http://en.wikipedia.org/wiki/Ken_Kavanagh,Ken,Kavanagh,1923-12-12,Australian,,
keegan,http://en.wikipedia.org/wiki/Rupert_Keegan,Rupert,Keegan,1955-02-26,British,,
keizan,http://en.wikipedia.org/wiki/Eddie_Keizan,Eddie,Keizan,1944-09-12,South African,,
keller,http://en.wikipedia.org/wiki/Al_Keller,Al,Keller,1920-04-11,American,,
kelly,http://en.wikipedia.org/wiki/Joe_Kelly_(Formula_One),Joe,Kelly,1913-03-13,Irish,,
kennedy,http://en.wikipedia.org/wiki/David_Kennedy_(racing_driver),Dave,Kennedy,1953-01-15,Irish,,
kessel,http://en.wikipedia.org/wiki/Loris_Kessel,Loris,Kessel,1950-04-01,Swiss,,
kessler,http://en.wikipedia.org/wiki/Bruce_Kessler,Bruce,Kessler,1936-03-23,American,,
kiesa,http://en.wikipedia.org/wiki/Nicolas_Kiesa,Nicolas,Kiesa,1978-03-03,Danish,,
kinnunen,http://en.wikipedia.org/wiki/Leo_Kinnunen,Leo,Kinnunen,1943-08-05,Finnish,,
kladis,http://en.wikipedia.org/wiki/Danny_Kladis,Danny,Kladis,1917-02-10,American,,
klenk,http://en.wikipedia.org/wiki/Hans_Klenk,Hans,Klenk,1919-10-28,German,,
klien,http://en.wikipedia.org/wiki/Christian_Klien,Christian,Klien,1983-02-07,Austrian,KLI,
kling,http://en.wikipedia.org/wiki/Karl_Kling,Karl,Kling,1910-09-16,German,,
klodwig,http://en.wikipedia.org/wiki/Ernst_Klodwig,Ernst,Klodwig,1903-05-23,East German,,
kobayashi,http://en.wikipedia.org/wiki/Kamui_Kobayashi,Kamui,Kobayashi,1986-09-13,Japanese,KOB,10
koinigg,http://en.wikipedia.org/wiki/Helmuth_Koinigg,Helmuth,Koinigg,1948-11-03,Austrian,,
kovalainen,http://en.wikipedia.org/wiki/Heikki_Kovalainen,Heikki,Kovalainen,1981-10-19,Finnish,KOV,
kozarowitzky,http://en.wikipedia.org/wiki/Mikko_Kozarowitzky,Mikko,Kozarowitzky,1948-05-17,Finnish,,
krause,http://en.wikipedia.org/wiki/Rudolf_Krause,Rudolf,Krause,1907-03-30,East German,,
kubica,http://en.wikipedia.org/wiki/Robert_Kubica,Robert,Kubica,1984-12-07,Polish,KUB,88
kuhnke,http://en.wikipedia.org/wiki/Kurt_Kuhnke,Kurt,Kuhnke,1910-04-30,German,,
kvyat,http://en.wikipedia.org/wiki/Daniil_Kvyat,Daniil,Kvyat,1994-04-26,Russian,KVY,26
la_caze,http://en.wikipedia.org/wiki/Robert_La_Caze,Robert,La Caze,1917-02-26,French,,
laffite,http://en.wikipedia.org/wiki/Jacques_Laffite,Jacques,Laffite,1943-11-21,French,,
lagorce,http://en.wikipedia.org/wiki/Franck_Lagorce,Franck,Lagorce,1968-09-01,French,,
lammers,http://en.wikipedia.org/wiki/Jan_Lammers,Jan,Lammers,1956-06-02,Dutch,,
lamy,http://en.wikipedia.org/wiki/Pedro_Lamy,Pedro,Lamy,1972-03-20,Portuguese,,
landi,http://en.wikipedia.org/wiki/Chico_Landi,Chico,Landi,1907-07-14,Brazilian,,
lang,http://en.wikipedia.org/wiki/Hermann_Lang,Hermann,Lang,1909-04-06,German,,
langes,http://en.wikipedia.org/wiki/Claudio_Langes,Claudio,Langes,1960-07-20,Italian,,
larini,http://en.wikipedia.org/wiki/Nicola_Larini,Nicola,Larini,1964-03-19,Italian,,
larrauri,http://en.wikipedia.org/wiki/Oscar_Larrauri,Oscar,Larrauri,1954-08-19,Argentine,,
larreta,http://en.wikipedia.org/wiki/Alberto_Rodriguez_Larreta,Alberto Rodriguez,Larreta,1934-01-14,Argentine,,
larrousse,http://en.wikipedia.org/wiki/G%C3%A9rard_Larrousse,Gérard,Larrousse,1940-05-23,French,,
larson,http://en.wikipedia.org/wiki/Jud_Larson,Jud,Larson,1923-01-21,American,,
latifi,http://en.wikipedia.org/wiki/Nicholas_Latifi,Nicholas,Latifi,1995-06-29,Canadian,LAT,6
lauda,http://en.wikipedia.org/wiki/Niki_Lauda,Niki,Lauda,1949-02-22,Austrian,,
laurent,http://en.wikipedia.org/wiki/Roger_Laurent,Roger,Laurent,1913-02-21,Belgian,,
lavaggi,http://en.wikipedia.org/wiki/Giovanni_Lavaggi,Giovanni,Lavaggi,1958-02-18,Italian,,
lawrence,http://en.wikipedia.org/wiki/Chris_Lawrence_(racing_driver),Chris,Lawrence,1933-07-27,British,,
leclerc,http://en.wikipedia.org/wiki/Charles_Leclerc,Charles,Leclerc,1997-10-16,Monegasque,LEC,16
leclere,http://en.wikipedia.org/wiki/Michel_Lecl%C3%A8re,Michel,Leclère,1946-03-18,French,,
lederle,http://en.wikipedia.org/wiki/Neville_Lederle,Neville,Lederle,1938-09-25,South African,,
lees,http://en.wikipedia.org/wiki/Geoff_Lees,Geoff,Lees,1951-05-01,British,,
legat,http://en.wikipedia.org/wiki/Arthur_Legat,Arthur,Legat,1898-11-01,Belgian,,
leoni,http://en.wikipedia.org/wiki/Lamberto_Leoni,Lamberto,Leoni,1953-05-24,Italian,,
leston,http://en.wikipedia.org/wiki/Les_Leston,Les,Leston,1920-12-16,British,,
levegh,http://en.wikipedia.org/wiki/Pierre_Levegh,Pierre,Levegh,1905-12-22,French,,
levrett,http://en.wikipedia.org/wiki/Bayliss_Levrett,Bayliss,Levrett,1914-02-14,American,,
lewis,http://en.wikipedia.org/wiki/Jackie_Lewis,Jackie,Lewis,1936-11-01,British,,
lewis-evans,http://en.wikipedia.org/wiki/Stuart_Lewis-Evans,Stuart,Lewis-Evans,1930-04-20,British,,
ligier,http://en.wikipedia.org/wiki/Guy_Ligier,Guy,Ligier,1930-07-12,French,,
linden,http://en.wikipedia.org/wiki/Andy_Linden_(racing_driver),Andy,Linden,1922-04-05,American,,
lippi,http://en.wikipedia.org/wiki/Roberto_Lippi,Roberto,Lippi,1926-10-17,Italian,,
liuzzi,http://en.wikipedia.org/wiki/Vitantonio_Liuzzi,Vitantonio,Liuzzi,1980-08-06,Italian,LIU,
lombardi,http://en.wikipedia.org/wiki/Lella_Lombardi,Lella,Lombardi,1941-03-26,Italian,,
londono,http://en.wikipedia.org/wiki/Ricardo_Londo%C3%B1o,Ricardo,Londoño,1949-08-08,Colombian,,
loof,http://en.wikipedia.org/wiki/Ernst_Loof,Ernst,Loof,1907-07-04,German,,
lotterer,http://en.wikipedia.org/wiki/Andr%C3%A9_Lotterer,André,Lotterer,1981-11-19,German,LOT,45
louveau,http://en.wikipedia.org/wiki/Henri_Louveau,Henri,Louveau,1910-01-25,French,,
love,http://en.wikipedia.org/wiki/John_Love_(racing_driver),John,Love,1924-12-07,Rhodesian,,
lovely,http://en.wikipedia.org/wiki/Pete_Lovely,Pete,Lovely,1926-04-11,American,,
loyer,http://en.wikipedia.org/wiki/Roger_Loyer,Roger,Loyer,1907-08-05,French,,
lucas,http://en.wikipedia.org/wiki/Jean_Lucas,Jean,Lucas,1917-04-25,French,,
lucienbonnet,http://en.wikipedia.org/wiki/Jean_Lucienbonnet,Jean,Lucienbonnet,1923-01-07,French,,
lunger,http://en.wikipedia.org/wiki/Brett_Lunger,Brett,Lunger,1945-11-14,American,,
hayje,http://en.wikipedia.org/wiki/Boy_Hayje,Boy,Lunger,1949-05-03,Dutch,,
macdowel,http://en.wikipedia.org/wiki/Mike_MacDowel,Mike,MacDowel,1932-09-13,British,,
mackay-fraser,http://en.wikipedia.org/wiki/Herbert_MacKay-Fraser,Herbert,MacKay-Fraser,1927-06-23,American,,
mackey,http://en.wikipedia.org/wiki/Bill_Mackey,Bill,Mackey,1927-12-15,American,,
macklin,http://en.wikipedia.org/wiki/Lance_Macklin,Lance,Macklin,1919-09-02,British,,
magee,http://en.wikipedia.org/wiki/Damien_Magee,Damien,Magee,1945-11-17,British,,
maggs,http://en.wikipedia.org/wiki/Tony_Maggs,Tony,Maggs,1937-02-09,South African,,
magill,http://en.wikipedia.org/wiki/Mike_Magill,Mike,Magill,1920-02-08,American,,
maglioli,http://en.wikipedia.org/wiki/Umberto_Maglioli,Umberto,Maglioli,1928-06-05,Italian,,
magnussen,http://en.wikipedia.org/wiki/Jan_Magnussen,Jan,Magnussen,1973-07-04,Danish,MAG,
kevin_magnussen,http://en.wikipedia.org/wiki/Kevin_Magnussen,Kevin,Magnussen,1992-10-05,Danish,MAG,20
mairesse,http://en.wikipedia.org/wiki/Willy_Mairesse,Willy,Mairesse,1928-10-01,Belgian,,
guy_mairesse,http://en.wikipedia.org/wiki/Guy_Mairesse,Guy,Mairesse,1910-08-10,French,,
maldonado,http://en.wikipedia.org/wiki/Pastor_Maldonado,Pastor,Maldonado,1985-03-09,Venezuelan,MAL,13
mansell,http://en.wikipedia.org/wiki/Nigel_Mansell,Nigel,Mansell,1953-08-08,British,,
mantovani,http://en.wikipedia.org/wiki/Sergio_Mantovani,Sergio,Mantovani,1929-05-22,Italian,,
mantz,http://en.wikipedia.org/wiki/Johnny_Mantz,Johnny,Mantz,1918-09-18,American,,
manzon,http://en.wikipedia.org/wiki/Robert_Manzon,Robert,Manzon,1917-04-12,French,,
marimon,http://en.wikipedia.org/wiki/Onofre_Marim%C3%B3n,Onofre,Marimón,1923-12-19,Argentine,,
marko,http://en.wikipedia.org/wiki/Helmut_Marko,Helmut,Marko,1943-04-27,Austrian,,
marques,http://en.wikipedia.org/wiki/Tarso_Marques,Tarso,Marques,1976-01-19,Brazilian,,
marr,http://en.wikipedia.org/wiki/Leslie_Marr,Leslie,Marr,1922-08-14,British,,
marsh,http://en.wikipedia.org/wiki/Tony_Marsh_(racing_driver),Tony,Marsh,1931-07-20,British,,
martin,http://en.wikipedia.org/wiki/Eug%C3%A8ne_Martin,Eugène,Martin,1915-03-24,French,,
martini,http://en.wikipedia.org/wiki/Pierluigi_Martini,Pierluigi,Martini,1961-04-23,Italian,,
mass,http://en.wikipedia.org/wiki/Jochen_Mass,Jochen,Mass,1946-09-30,German,,
massa,http://en.wikipedia.org/wiki/Felipe_Massa,Felipe,Massa,1981-04-25,Brazilian,MAS,19
may,http://en.wikipedia.org/wiki/Michael_May_(racing_driver),Michael,May,1934-08-18,Swiss,,
mayer,http://en.wikipedia.org/wiki/Timmy_Mayer,Timmy,Mayer,1938-02-22,American,,
mazet,http://en.wikipedia.org/wiki/Fran%C3%A7ois_Mazet,François,Mazet,1943-02-24,French,,
mazzacane,http://en.wikipedia.org/wiki/Gast%C3%B3n_Mazzacane,Gastón,Mazzacane,1975-05-08,Argentine,,
mcalpine,http://en.wikipedia.org/wiki/Kenneth_McAlpine,Kenneth,McAlpine,1920-09-21,British,,
mccarthy,http://en.wikipedia.org/wiki/Perry_McCarthy,Perry,McCarthy,1961-03-03,British,,
mccoy,http://en.wikipedia.org/wiki/Ernie_McCoy,Ernie,McCoy,1921-02-19,American,,
mcdowell,http://en.wikipedia.org/wiki/Johnny_McDowell,Johnny,McDowell,1915-01-29,American,,
mcgrath,http://en.wikipedia.org/wiki/Jack_McGrath_(racing_driver),Jack,McGrath,1919-10-08,American,,
mcguire,http://en.wikipedia.org/wiki/Brian_McGuire,Brian,McGuire,1945-12-13,Australian,,
mclaren,http://en.wikipedia.org/wiki/Bruce_McLaren,Bruce,McLaren,1937-08-30,New Zealander,,
mcnish,http://en.wikipedia.org/wiki/Allan_McNish,Allan,McNish,1969-12-29,British,,
mcrae,http://en.wikipedia.org/wiki/Graham_McRae,Graham,McRae,1940-03-05,New Zealander,,
mcwithey,http://en.wikipedia.org/wiki/Jim_McWithey,Jim,McWithey,1927-07-04,American,,
menditeguy,http://en.wikipedia.org/wiki/Carlos_Menditeguy,Carlos,Menditeguy,1914-08-10,Argentine,,
merhi,http://en.wikipedia.org/wiki/Roberto_Merhi,Roberto,Merhi,1991-03-22,Spanish,MER,98
merzario,http://en.wikipedia.org/wiki/Arturo_Merzario,Arturo,Merzario,1943-03-11,Italian,,
mieres,http://en.wikipedia.org/wiki/Roberto_Mieres,Roberto,Mieres,1924-12-03,Argentine,,
migault,http://en.wikipedia.org/wiki/Fran%C3%A7ois_Migault,François,Migault,1944-12-04,French,,
miles,http://en.wikipedia.org/wiki/John_Miles_(auto_racer),John,Miles,1943-06-14,British,,
ken_miles,http://en.wikipedia.org/wiki/Ken_Miles,Ken,Miles,1918-11-01,British,,
milhoux,http://en.wikipedia.org/wiki/Andr%C3%A9_Milhoux,André,Milhoux,1928-12-09,Belgian,,
miller,http://en.wikipedia.org/wiki/Chet_Miller,Chet,Miller,1902-07-19,American,,
mitter,http://en.wikipedia.org/wiki/Gerhard_Mitter,Gerhard,Mitter,1935-08-30,German,,
modena,http://en.wikipedia.org/wiki/Stefano_Modena,Stefano,Modena,1963-05-12,Italian,,
monarch,,Thomas,Monarch,1945-09-03,American,,
montagny,http://en.wikipedia.org/wiki/Franck_Montagny,Franck,Montagny,1978-01-05,French,FMO,
monteiro,http://en.wikipedia.org/wiki/Tiago_Monteiro,Tiago,Monteiro,1976-07-24,Portuguese,TMO,
montermini,http://en.wikipedia.org/wiki/Andrea_Montermini,Andrea,Montermini,1964-05-30,Italian,,
monteverdi,http://en.wikipedia.org/wiki/Peter_Monteverdi,Peter,Monteverdi,1934-06-07,Swiss,,
charrington,http://en.wikipedia.org/wiki/Robin_Montgomerie-Charrington,Robin,Montgomerie-Charrington,1915-06-23,British,,
morbidelli,http://en.wikipedia.org/wiki/Gianni_Morbidelli,Gianni,Morbidelli,1968-01-13,Italian,,
moreno,http://en.wikipedia.org/wiki/Roberto_Moreno,Roberto,Moreno,1959-02-11,Brazilian,,
morgan,http://en.wikipedia.org/wiki/Dave_Morgan_(racing_driver),Dave,Morgan,1944-08-07,British,,
moser,http://en.wikipedia.org/wiki/Silvio_Moser,Silvio,Moser,1941-04-24,Swiss,,
moss,http://en.wikipedia.org/wiki/Stirling_Moss,Stirling,Moss,1929-09-17,British,,
bill_moss,http://en.wikipedia.org/wiki/Bill_Moss_(racing_driver),Bill,Moss,1933-09-04,British,,
munaron,http://en.wikipedia.org/wiki/Gino_Munaron,Gino,Munaron,1928-04-02,Italian,,
murray,http://en.wikipedia.org/wiki/David_Murray_(driver),David,Murray,1909-12-28,British,,
musso,http://en.wikipedia.org/wiki/Luigi_Musso,Luigi,Musso,1924-07-28,Italian,,
nakajima,http://en.wikipedia.org/wiki/Kazuki_Nakajima,Kazuki,Nakajima,1985-01-11,Japanese,NAK,
satoru_nakajima,http://en.wikipedia.org/wiki/Satoru_Nakajima,Satoru,Nakajima,1953-02-23,Japanese,,
nakano,http://en.wikipedia.org/wiki/Shinji_Nakano,Shinji,Nakano,1971-04-01,Japanese,,
nalon,http://en.wikipedia.org/wiki/Duke_Nalon,Duke,Nalon,1913-03-02,American,,
nannini,http://en.wikipedia.org/wiki/Alessandro_Nannini,Alessandro,Nannini,1959-07-07,Italian,,
naspetti,http://en.wikipedia.org/wiki/Emanuele_Naspetti,Emanuele,Naspetti,1968-02-24,Italian,,
nasr,http://en.wikipedia.org/wiki/Felipe_Nasr,Felipe,Nasr,1992-08-21,Brazilian,NAS,12
natili,http://en.wikipedia.org/wiki/Massimo_Natili,Massimo,Natili,1935-07-28,Italian,,
naylor,http://en.wikipedia.org/wiki/Brian_Naylor,Brian,Naylor,1923-03-24,British,,
nazaruk,http://en.wikipedia.org/wiki/Mike_Nazaruk,Mike,Nazaruk,1921-10-02,American,,
needell,http://en.wikipedia.org/wiki/Tiff_Needell,Tiff,Needell,1951-10-29,British,,
nelleman,http://en.wikipedia.org/wiki/Jac_Nelleman,Jac,Nelleman,1944-04-19,Danish,,
neve,http://en.wikipedia.org/wiki/Patrick_Neve,Patrick,Nève,1949-10-13,Belgian,,
nicholson,http://en.wikipedia.org/wiki/John_Nicholson_(racing_driver),John,Nicholson,1941-10-06,New Zealander,,
niday,http://en.wikipedia.org/wiki/Cal_Niday,Cal,Niday,1914-04-29,American,,
niedermayr,http://en.wikipedia.org/wiki/Helmut_Niedermayr,Helmut,Niedermayr,1915-11-29,German,,
niemann,http://en.wikipedia.org/wiki/Brausch_Niemann,Brausch,Niemann,1939-01-07,South African,,
nilsson,http://en.wikipedia.org/wiki/Gunnar_Nilsson,Gunnar,Nilsson,1948-11-20,Swedish,,
noda,http://en.wikipedia.org/wiki/Hideki_Noda,Hideki,Noda,1969-03-07,Japanese,,
norris,http://en.wikipedia.org/wiki/Lando_Norris,Lando,Norris,1999-11-13,British,NOR,4
nuckey,http://en.wikipedia.org/wiki/Rodney_Nuckey,Rodney,Nuckey,1929-06-26,British,,
obrien,http://en.wikipedia.org/wiki/Robert_O%27Brien_(auto_racer),Robert,O'Brien,1908-04-11,American,,
connor,http://en.wikipedia.org/wiki/Pat_O%27Connor_(auto_racer),Pat,O'Connor,1928-10-09,American,,
ocon,http://en.wikipedia.org/wiki/Esteban_Ocon,Esteban,Ocon,1996-09-17,French,OCO,31
oliver,http://en.wikipedia.org/wiki/Jackie_Oliver,Jackie,Oliver,1942-08-14,British,,
ongais,http://en.wikipedia.org/wiki/Danny_Ongais,Danny,Ongais,1942-05-21,American,,
owen,http://en.wikipedia.org/wiki/Arthur_Owen,Arthur,Owen,1915-03-23,British,,
montoya,http://en.wikipedia.org/wiki/Juan_Pablo_Montoya,Juan,Pablo Montoya,1975-09-20,Colombian,MON,
pace,http://en.wikipedia.org/wiki/Carlos_Pace,Carlos,Pace,1944-10-06,Brazilian,,
pagani,http://en.wikipedia.org/wiki/Nello_Pagani,Nello,Pagani,1911-10-11,Italian,,
paletti,http://en.wikipedia.org/wiki/Riccardo_Paletti,Riccardo,Paletti,1958-06-15,Italian,,
palm,http://en.wikipedia.org/wiki/Torsten_Palm,Torsten,Palm,1947-07-23,Swedish,,
palmer,http://en.wikipedia.org/wiki/Jonathan_Palmer,Jonathan,Palmer,1956-11-07,British,,
jolyon_palmer,http://en.wikipedia.org/wiki/Jolyon_Palmer,Jolyon,Palmer,1991-01-20,British,PAL,30
panis,http://en.wikipedia.org/wiki/Olivier_Panis,Olivier,Panis,1966-09-02,French,,
pantano,http://en.wikipedia.org/wiki/Giorgio_Pantano,Giorgio,Pantano,1979-02-04,Italian,,
papis,http://en.wikipedia.org/wiki/Massimiliano_Papis,Massimiliano,Papis,1969-10-03,Italian,,
parkes,http://en.wikipedia.org/wiki/Mike_Parkes,Mike,Parkes,1931-09-24,British,,
parnell,http://en.wikipedia.org/wiki/Tim_Parnell,Tim,Parnell,1932-06-25,British,,
reg_parnell,http://en.wikipedia.org/wiki/Reg_Parnell,Reg,Parnell,1911-07-02,British,,
parsons,http://en.wikipedia.org/wiki/Johnnie_Parsons,Johnnie,Parsons,1918-07-04,American,,
patrese,http://en.wikipedia.org/wiki/Riccardo_Patrese,Riccardo,Patrese,1954-04-17,Italian,,
pease,http://en.wikipedia.org/wiki/Al_Pease,Al,Pease,1921-10-15,Canadian,,
penske,http://en.wikipedia.org/wiki/Roger_Penske,Roger,Penske,1937-02-20,American,,
perdisa,http://en.wikipedia.org/wiki/Cesare_Perdisa,Cesare,Perdisa,1932-10-21,Italian,,
perez,http://en.wikipedia.org/wiki/Sergio_P%C3%A9rez,Sergio,Pérez,1990-01-26,Mexican,PER,11
sala,http://en.wikipedia.org/wiki/Luis_Perez-Sala,Luis,Pérez-Sala,1959-05-15,Spanish,,
perkins,http://en.wikipedia.org/wiki/Larry_Perkins,Larry,Perkins,1950-03-18,Australian,,
pescarolo,http://en.wikipedia.org/wiki/Henri_Pescarolo,Henri,Pescarolo,1942-09-25,French,,
pesenti_rossi,http://en.wikipedia.org/wiki/Alessandro_Pesenti-Rossi,Alessandro,Pesenti-Rossi,1942-08-31,Italian,,
peters,http://en.wikipedia.org/wiki/Josef_Peters_(driver),Josef,Peters,1914-09-16,German,,
peterson,http://en.wikipedia.org/wiki/Ronnie_Peterson,Ronnie,Peterson,1944-02-14,Swedish,,
petrov,http://en.wikipedia.org/wiki/Vitaly_Petrov,Vitaly,Petrov,1984-09-08,Russian,PET,
pian,http://en.wikipedia.org/wiki/Alfredo_Pi%C3%A0n,Alfredo,Pián,1912-10-21,Argentine,,
pic,http://en.wikipedia.org/wiki/Charles_Pic,Charles,Pic,1990-02-15,French,PIC,
picard,http://en.wikipedia.org/wiki/Fran%C3%A7ois_Picard,François,Picard,1921-04-26,French,,
pieterse,http://en.wikipedia.org/wiki/Ernie_Pieterse,Ernie,Pieterse,1938-07-04,South African,,
pietsch,http://en.wikipedia.org/wiki/Paul_Pietsch,Paul,Pietsch,1911-06-20,German,,
pilette,http://en.wikipedia.org/wiki/Teddy_Pilette,Teddy,Pilette,1942-07-26,Belgian,,
andre_pilette,http://en.wikipedia.org/wiki/Andr%C3%A9_Pilette,André,Pilette,1918-10-06,Belgian,,
piotti,http://en.wikipedia.org/wiki/Luigi_Piotti,Luigi,Piotti,1913-10-27,Italian,,
piper,http://en.wikipedia.org/wiki/David_Piper,David,Piper,1930-12-02,British,,
piquet,http://en.wikipedia.org/wiki/Nelson_Piquet,Nelson,Piquet,1952-08-17,Brazilian,,
piquet_jr,"http://en.wikipedia.org/wiki/Nelson_Piquet,_Jr.",Nelson,Piquet Jr.,1985-07-25,Brazilian,PIQ,
pirocchi,http://en.wikipedia.org/wiki/Renato_Pirocchi,Renato,Pirocchi,1933-03-26,Italian,,
pironi,http://en.wikipedia.org/wiki/Didier_Pironi,Didier,Pironi,1952-03-26,French,,
pirro,http://en.wikipedia.org/wiki/Emanuele_Pirro,Emanuele,Pirro,1962-01-12,Italian,,
pizzonia,http://en.wikipedia.org/wiki/Ant%C3%B4nio_Pizzonia,Antônio,Pizzonia,1980-09-11,Brazilian,PIZ,
pollet,http://en.wikipedia.org/wiki/Jacques_Pollet,Jacques,Pollet,1922-07-02,French,,
pon,http://en.wikipedia.org/wiki/Ben_Pon,Ben,Pon,1936-12-09,Dutch,,
poore,http://en.wikipedia.org/wiki/Dennis_Poore,Dennis,Poore,1916-08-19,British,,
posey,http://en.wikipedia.org/wiki/Sam_Posey,Sam,Posey,1944-05-26,American,,
pozzi,http://en.wikipedia.org/wiki/Charles_Pozzi,Charles,Pozzi,1909-08-27,French,,
pretorius,http://en.wikipedia.org/wiki/Jackie_Pretorius,Jackie,Pretorius,1934-11-22,South African,,
prinoth,http://en.wikipedia.org/wiki/Ernesto_Prinoth,Ernesto,Prinoth,1923-04-15,Italian,,
prophet,http://en.wikipedia.org/wiki/David_Prophet,David,Prophet,1937-10-09,British,,
prost,http://en.wikipedia.org/wiki/Alain_Prost,Alain,Prost,1955-02-24,French,,
pryce,http://en.wikipedia.org/wiki/Tom_Pryce,Tom,Pryce,1949-06-11,British,,
purley,http://en.wikipedia.org/wiki/David_Purley,David,Purley,1945-01-26,British,,
puzey,http://en.wikipedia.org/wiki/Clive_Puzey,Clive,Puzey,1941-07-11,Rhodesian,,
quester,http://en.wikipedia.org/wiki/Dieter_Quester,Dieter,Quester,1939-05-30,Austrian,,
raby,http://en.wikipedia.org/wiki/Ian_Raby,Ian,Raby,1921-09-22,British,,
rahal,http://en.wikipedia.org/wiki/Bobby_Rahal,Bobby,Rahal,1953-01-10,American,,
raikkonen,http://en.wikipedia.org/wiki/Kimi_R%C3%A4ikk%C3%B6nen,Kimi,Räikkönen,1979-10-17,Finnish,RAI,7
raphanel,http://en.wikipedia.org/wiki/Pierre-Henri_Raphanel,Pierre-Henri,Raphanel,1961-05-27,French,,
rathmann,http://en.wikipedia.org/wiki/Jim_Rathmann,Jim,Rathmann,1928-07-16,American,,
dick_rathmann,http://en.wikipedia.org/wiki/Dick_Rathmann,Dick,Rathmann,1924-01-06,American,,
ratzenberger,http://en.wikipedia.org/wiki/Roland_Ratzenberger,Roland,Ratzenberger,1960-07-04,Austrian,,
rebaque,http://en.wikipedia.org/wiki/Hector_Rebaque,Hector,Rebaque,1956-02-05,Mexican,,
redman,http://en.wikipedia.org/wiki/Brian_Redman,Brian,Redman,1937-03-09,British,,
reece,http://en.wikipedia.org/wiki/Jimmy_Reece,Jimmy,Reece,1929-11-17,American,,
reed,http://en.wikipedia.org/wiki/Ray_Reed,Ray,Reed,1932-04-30,South African,,
rees,http://en.wikipedia.org/wiki/Alan_Rees_(racing_driver),Alan,Rees,1938-01-12,British,,
regazzoni,http://en.wikipedia.org/wiki/Clay_Regazzoni,Clay,Regazzoni,1939-09-05,Swiss,,
reutemann,http://en.wikipedia.org/wiki/Carlos_Reutemann,Carlos,Reutemann,1942-04-12,Argentine,,
reventlow,http://en.wikipedia.org/wiki/Lance_Reventlow,Lance,Reventlow,1936-02-24,American,,
revson,http://en.wikipedia.org/wiki/Peter_Revson,Peter,Revson,1939-02-27,American,,
rhodes,http://en.wikipedia.org/wiki/John_Rhodes_(driver),John,Rhodes,1927-08-18,British,,
ribeiro,http://en.wikipedia.org/wiki/Alex_Ribeiro,Alex,Ribeiro,1948-11-07,Brazilian,,
ricciardo,http://en.wikipedia.org/wiki/Daniel_Ricciardo,Daniel,Ricciardo,1989-07-01,Australian,RIC,3
richardson,http://en.wikipedia.org/wiki/Ken_Richardson_(race_car_driver),Ken,Richardson,1911-08-21,British,,
riess,http://en.wikipedia.org/wiki/Fritz_Riess,Fritz,Riess,1922-07-11,German,,
rigsby,http://en.wikipedia.org/wiki/Jim_Rigsby,Jim,Rigsby,1923-06-06,American,,
rindt,http://en.wikipedia.org/wiki/Jochen_Rindt,Jochen,Rindt,1942-04-18,Austrian,,
riseley_prichard,http://en.wikipedia.org/wiki/John_Riseley-Prichard,John,Riseley-Prichard,1924-01-17,British,,
robarts,http://en.wikipedia.org/wiki/Richard_Robarts,Richard,Robarts,1944-09-22,British,,
rodriguez,http://en.wikipedia.org/wiki/Pedro_Rodr%C3%ADguez_(racing_driver),Pedro,Rodríguez,1940-01-18,Mexican,,
ricardo_rodriguez,http://en.wikipedia.org/wiki/Ricardo_Rodr%C3%ADguez_(Formula_One),Ricardo,Rodríguez,1942-02-14,Mexican,,
rol,http://en.wikipedia.org/wiki/Franco_Rol,Franco,Rol,1908-06-05,Italian,,
rollinson,http://en.wikipedia.org/wiki/Alan_Rollinson,Alan,Rollinson,1943-05-15,British,,
rolt,http://en.wikipedia.org/wiki/Tony_Rolt,Tony,Rolt,1918-10-16,British,,
roos,http://en.wikipedia.org/wiki/Bertil_Roos,Bertil,Roos,1943-10-12,Swedish,,
rosberg,http://en.wikipedia.org/wiki/Nico_Rosberg,Nico,Rosberg,1985-06-27,German,ROS,6
keke_rosberg,http://en.wikipedia.org/wiki/Keke_Rosberg,Keke,Rosberg,1948-12-06,Finnish,,
rose,http://en.wikipedia.org/wiki/Mauri_Rose,Mauri,Rose,1906-05-26,American,,
rosier,http://en.wikipedia.org/wiki/Louis_Rosier,Louis,Rosier,1905-11-05,French,,
rosset,http://en.wikipedia.org/wiki/Ricardo_Rosset,Ricardo,Rosset,1968-07-27,Brazilian,,
rossi,http://en.wikipedia.org/wiki/Alexander_Rossi_%28racing_driver%29,Alexander,Rossi,1991-09-25,American,RSS,53
rothengatter,http://en.wikipedia.org/wiki/Huub_Rothengatter,Huub,Rothengatter,1954-10-08,Dutch,,
ruby,http://en.wikipedia.org/wiki/Lloyd_Ruby,Lloyd,Ruby,1928-01-12,American,,
russell,http://en.wikipedia.org/wiki/George_Russell_%28racing_driver%29,George,Russell,1998-02-15,British,RUS,63
geki,http://en.wikipedia.org/wiki/Geki_(driver),Giacomo,Russo,1937-10-23,Italian,,
russo,http://en.wikipedia.org/wiki/Eddie_Russo,Eddie,Russo,1925-11-19,American,,
paul_russo,http://en.wikipedia.org/wiki/Paul_Russo,Paul,Russo,1914-04-10,American,,
ruttman,http://en.wikipedia.org/wiki/Troy_Ruttman,Troy,Ruttman,1930-03-11,American,,
ryan,http://en.wikipedia.org/wiki/Peter_Ryan_(driver),Peter,Ryan,1940-06-10,Canadian,,
sachs,http://en.wikipedia.org/wiki/Eddie_Sachs,Eddie,Sachs,1927-05-28,American,,
said,http://en.wikipedia.org/wiki/Bob_Said,Bob,Said,1932-05-05,American,,
sainz,http://en.wikipedia.org/wiki/Carlos_Sainz_Jr.,Carlos,Sainz,1994-09-01,Spanish,SAI,55
salazar,http://en.wikipedia.org/wiki/Eliseo_Salazar,Eliseo,Salazar,1954-11-14,Chilean,,
salo,http://en.wikipedia.org/wiki/Mika_Salo,Mika,Salo,1966-11-30,Finnish,,
salvadori,http://en.wikipedia.org/wiki/Roy_Salvadori,Roy,Salvadori,1922-05-12,British,,
sanesi,http://en.wikipedia.org/wiki/Consalvo_Sanesi,Consalvo,Sanesi,1911-03-28,Italian,,
sarrazin,http://en.wikipedia.org/wiki/St%C3%A9phane_Sarrazin,Stéphane,Sarrazin,1975-11-02,French,,
sato,http://en.wikipedia.org/wiki/Takuma_Sato,Takuma,Sato,1977-01-28,Japanese,SAT,
scarborough,http://en.wikipedia.org/wiki/Carl_Scarborough,Carl,Scarborough,1914-07-03,American,,
scarfiotti,http://en.wikipedia.org/wiki/Ludovico_Scarfiotti,Ludovico,Scarfiotti,1933-10-18,Italian,,
scarlatti,http://en.wikipedia.org/wiki/Giorgio_Scarlatti,Giorgio,Scarlatti,1921-10-02,Italian,,
scheckter,http://en.wikipedia.org/wiki/Jody_Scheckter,Jody,Scheckter,1950-01-29,South African,,
ian_scheckter,http://en.wikipedia.org/wiki/Ian_Scheckter,Ian,Scheckter,1947-08-22,South African,,
schell,http://en.wikipedia.org/wiki/Harry_Schell,Harry,Schell,1921-06-29,American,,
schenken,http://en.wikipedia.org/wiki/Tim_Schenken,Tim,Schenken,1943-09-26,Australian,,
scherrer,http://en.wikipedia.org/wiki/Albert_Scherrer,Albert,Scherrer,1908-02-28,Swiss,,
schiattarella,http://en.wikipedia.org/wiki/Domenico_Schiattarella,Domenico,Schiattarella,1967-11-17,Italian,,
schiller,http://en.wikipedia.org/wiki/Heinz_Schiller,Heinz,Schiller,1930-01-25,Swiss,,
schindler,http://en.wikipedia.org/wiki/Bill_Schindler,Bill,Schindler,1909-03-06,American,,
schlesser,http://en.wikipedia.org/wiki/Jean-Louis_Schlesser,Jean-Louis,Schlesser,1948-09-12,French,,
jo_schlesser,http://en.wikipedia.org/wiki/Jo_Schlesser,Jo,Schlesser,1928-05-18,French,,
schneider,http://en.wikipedia.org/wiki/Bernd_Schneider_(racecar_driver),Bernd,Schneider,1964-07-20,German,,
schoeller,http://en.wikipedia.org/wiki/Rudolf_Schoeller,Rudolf,Schoeller,1902-04-27,Swiss,,
schroeder,http://en.wikipedia.org/wiki/Rob_Schroeder,Rob,Schroeder,1926-05-11,British,,
ralf_schumacher,http://en.wikipedia.org/wiki/Ralf_Schumacher,Ralf,Schumacher,1975-06-30,German,SCH,
michael_schumacher,http://en.wikipedia.org/wiki/Michael_Schumacher,Michael,Schumacher,1969-01-03,German,MSC,
schuppan,http://en.wikipedia.org/wiki/Vern_Schuppan,Vern,Schuppan,1943-03-19,Australian,,
bob_scott,http://en.wikipedia.org/wiki/Bob_Scott_(auto_racer),Bob,Scott,1928-10-04,American,,
scott_Brown,http://en.wikipedia.org/wiki/Archie_Scott_Brown,Archie,Scott Brown,1927-05-13,British,,
scotti,http://en.wikipedia.org/wiki/Piero_Scotti,Piero,Scotti,1909-11-11,Italian,,
seidel,http://en.wikipedia.org/wiki/Wolfgang_Seidel,Wolfgang,Seidel,1926-07-04,German,,
seiffert,http://en.wikipedia.org/wiki/G%C3%BCnther_Seiffert,Günther,Seiffert,1937-10-18,German,,
senna,http://en.wikipedia.org/wiki/Ayrton_Senna,Ayrton,Senna,1960-03-21,Brazilian,,
bruno_senna,http://en.wikipedia.org/wiki/Bruno_Senna,Bruno,Senna,1983-10-15,Brazilian,SEN,
serafini,http://en.wikipedia.org/wiki/Dorino_Serafini,Dorino,Serafini,1909-07-22,Italian,,
serra,http://en.wikipedia.org/wiki/Chico_Serra,Chico,Serra,1957-02-03,Brazilian,,
serrurier,http://en.wikipedia.org/wiki/Doug_Serrurier,Doug,Serrurier,1920-12-09,South African,,
gavin,http://en.wikipedia.org/wiki/Johnny_Servoz-Gavin,Johnny,Servoz-Gavin,1942-01-18,French,,
settember,http://en.wikipedia.org/wiki/Tony_Settember,Tony,Settember,1926-07-10,American,,
sharp,http://en.wikipedia.org/wiki/Hap_Sharp,Hap,Sharp,1928-01-01,American,,
shawe_taylor,http://en.wikipedia.org/wiki/Brian_Shawe_Taylor,Brian,Shawe Taylor,1915-01-28,British,,
shelby,http://en.wikipedia.org/wiki/Carroll_Shelby,Carroll,Shelby,1923-01-11,American,,
shelly,http://en.wikipedia.org/wiki/Tony_Shelly,Tony,Shelly,1937-02-02,New Zealander,,
siffert,http://en.wikipedia.org/wiki/Jo_Siffert,Jo,Siffert,1936-07-07,Swiss,,
simon,http://en.wikipedia.org/wiki/Andr%C3%A9_Simon_(racing_driver),André,Simon,1920-01-05,French,,
sirotkin,http://en.wikipedia.org/wiki/Sergey_Sirotkin_(racing_driver),Sergey,Sirotkin,1995-08-27,Russian,SIR,35
slotemaker,http://en.wikipedia.org/wiki/Rob_Slotemaker,Rob,Slotemaker,1929-06-13,Dutch,,
solana,http://en.wikipedia.org/wiki/Mois%C3%A9s_Solana,Moisés,Solana,1935-12-26,Mexican,,
roig,http://en.wikipedia.org/wiki/Alex_Soler-Roig,Alex,Soler-Roig,1932-10-29,Spanish,,
sommer,http://en.wikipedia.org/wiki/Raymond_Sommer,Raymond,Sommer,1906-08-31,French,,
sospiri,http://en.wikipedia.org/wiki/Vincenzo_Sospiri,Vincenzo,Sospiri,1966-10-07,Italian,,
south,http://en.wikipedia.org/wiki/Stephen_South,Stephen,South,1952-02-19,British,,
sparken,http://en.wikipedia.org/wiki/Mike_Sparken,Mike,Sparken,1930-06-16,French,,
speed,http://en.wikipedia.org/wiki/Scott_Speed,Scott,Speed,1983-01-24,American,SPE,
spence,http://en.wikipedia.org/wiki/Mike_Spence,Mike,Spence,1936-12-30,British,,
stacey,http://en.wikipedia.org/wiki/Alan_Stacey,Alan,Stacey,1933-08-29,British,,
starrabba,http://en.wikipedia.org/wiki/Gaetano_Starrabba,Gaetano,Starrabba,1932-12-03,Italian,,
stevens,http://en.wikipedia.org/wiki/Will_Stevens,Will,Stevens,1991-06-28,British,STE,28
stevenson,http://en.wikipedia.org/wiki/Chuck_Stevenson,Chuck,Stevenson,1919-10-15,American,,
stewart,http://en.wikipedia.org/wiki/Jackie_Stewart,Jackie,Stewart,1939-06-11,British,,
jimmy_stewart,http://en.wikipedia.org/wiki/Jimmy_Stewart_(racing_driver),Jimmy,Stewart,1931-03-06,British,,
ian_stewart,http://en.wikipedia.org/wiki/Ian_Stewart_(racing_driver),Ian,Stewart,1929-07-15,British,,
stohr,http://en.wikipedia.org/wiki/Siegfried_Stohr,Siegfried,Stohr,1952-10-10,Italian,,
stommelen,http://en.wikipedia.org/wiki/Rolf_Stommelen,Rolf,Stommelen,1943-07-11,German,,
streiff,http://en.wikipedia.org/wiki/Philippe_Streiff,Philippe,Streiff,1955-06-26,French,,
stroll,http://en.wikipedia.org/wiki/Lance_Stroll,Lance,Stroll,1998-10-29,Canadian,STR,18
stuck,http://en.wikipedia.org/wiki/Hans_Joachim_Stuck,Hans-Joachim,Stuck,1951-01-01,German,,
stuppacher,http://en.wikipedia.org/wiki/Otto_Stuppacher,Otto,Stuppacher,1947-03-03,Austrian,,
sullivan,http://en.wikipedia.org/wiki/Danny_Sullivan,Danny,Sullivan,1950-03-09,American,,
surer,http://en.wikipedia.org/wiki/Marc_Surer,Marc,Surer,1951-09-18,Swiss,,
surtees,http://en.wikipedia.org/wiki/John_Surtees,John,Surtees,1934-02-11,British,,
sutcliffe,http://en.wikipedia.org/wiki/Andy_Sutcliffe,Andy,Sutcliffe,1947-05-09,British,,
sutil,http://en.wikipedia.org/wiki/Adrian_Sutil,Adrian,Sutil,1983-01-11,German,SUT,99
sutton,http://en.wikipedia.org/wiki/Len_Sutton,Len,Sutton,1925-08-09,American,,
suzuki,http://en.wikipedia.org/wiki/Aguri_Suzuki,Aguri,Suzuki,1960-09-08,Japanese,,
toshio_suzuki,http://en.wikipedia.org/wiki/Toshio_Suzuki_(driver),Toshio,Suzuki,1955-03-10,Japanese,,
swaters,http://en.wikipedia.org/wiki/Jacques_Swaters,Jacques,Swaters,1926-10-30,American,,
sweikert,http://en.wikipedia.org/wiki/Bob_Sweikert,Bob,Sweikert,1926-05-20,American,,
takagi,http://en.wikipedia.org/wiki/Toranosuke_Takagi,Toranosuke,Takagi,1974-02-12,Japanese,,
takahara,http://en.wikipedia.org/wiki/Noritake_Takahara,Noritake,Takahara,1951-06-06,Japanese,,
takahashi,http://en.wikipedia.org/wiki/Kunimitsu_Takahashi,Kunimitsu,Takahashi,1940-01-29,Japanese,,
tambay,http://en.wikipedia.org/wiki/Patrick_Tambay,Patrick,Tambay,1949-06-25,French,,
taramazzo,http://en.wikipedia.org/wiki/Luigi_Taramazzo,Luigi,Taramazzo,1932-05-05,Italian,,
tarquini,http://en.wikipedia.org/wiki/Gabriele_Tarquini,Gabriele,Tarquini,1962-03-02,Italian,,
taruffi,http://en.wikipedia.org/wiki/Piero_Taruffi,Piero,Taruffi,1906-10-12,Italian,,
taylor,http://en.wikipedia.org/wiki/John_Taylor_(racer),John,Taylor,1933-03-23,British,,
trevor_taylor,http://en.wikipedia.org/wiki/Trevor_Taylor,Trevor,Taylor,1936-12-26,British,,
henry_taylor,http://en.wikipedia.org/wiki/Henry_Taylor_(racing_driver),Henry,Taylor,1932-12-16,British,,
mike_taylor,http://en.wikipedia.org/wiki/Mike_Taylor_(driver),Mike,Taylor,1934-04-24,British,,
dennis_taylor,http://en.wikipedia.org/wiki/Dennis_Taylor_(racing_driver),Dennis,Taylor,1921-06-12,British,,
teague,http://en.wikipedia.org/wiki/Marshall_Teague,Marshall,Teague,1921-02-22,American,,
templeman,http://en.wikipedia.org/wiki/Shorty_Templeman,Shorty,Templeman,1919-08-12,American,,
testut,http://en.wikipedia.org/wiki/Andr%C3%A9_Testut,André,Testut,1926-04-13,Monegasque,,
thackwell,http://en.wikipedia.org/wiki/Mike_Thackwell,Mike,Thackwell,1961-03-30,New Zealander,,
thiele,http://en.wikipedia.org/wiki/Alfonso_Thiele,Alfonso,Thiele,1920-04-05,American-Italian,,
thompson,http://en.wikipedia.org/wiki/Eric_Thompson_(racing_driver),Eric,Thompson,1919-11-04,British,,
thomson,http://en.wikipedia.org/wiki/Johnny_Thomson,Johnny,Thomson,1922-04-09,American,,
thorne,http://en.wikipedia.org/wiki/Leslie_Thorne,Leslie,Thorne,1916-06-23,British,,
tingelstad,http://en.wikipedia.org/wiki/Bud_Tingelstad,Bud,Tingelstad,1928-04-04,American,,
tingle,http://en.wikipedia.org/wiki/Sam_Tingle,Sam,Tingle,1921-08-24,Rhodesian,,
titterington,http://en.wikipedia.org/wiki/Desmond_Titterington,Desmond,Titterington,1928-05-01,British,,
tolan,http://en.wikipedia.org/wiki/Johnnie_Tolan,Johnnie,Tolan,1917-10-22,American,,
trimmer,http://en.wikipedia.org/wiki/Tony_Trimmer,Tony,Trimmer,1943-01-24,British,,
trintignant,http://en.wikipedia.org/wiki/Maurice_Trintignant,Maurice,Trintignant,1917-10-30,French,,
trulli,http://en.wikipedia.org/wiki/Jarno_Trulli,Jarno,Trulli,1974-07-13,Italian,TRU,
tuero,http://en.wikipedia.org/wiki/Esteban_Tuero,Esteban,Tuero,1978-04-22,Argentine,,
tunmer,http://en.wikipedia.org/wiki/Guy_Tunmer,Guy,Tunmer,1948-12-01,South African,,
turner,http://en.wikipedia.org/wiki/Jack_Turner_(driver),Jack,Turner,1920-02-12,American,,
ulmen,http://en.wikipedia.org/wiki/Toni_Ulmen,Toni,Ulmen,1906-01-25,German,,
unser,http://en.wikipedia.org/wiki/Bobby_Unser,Bobby,Unser,1934-02-20,American,,
jerry_unser,http://en.wikipedia.org/wiki/Jerry_Unser,Jerry,Unser,1932-11-15,American,,
uria,http://en.wikipedia.org/wiki/Alberto_Uria,Alberto,Uria,1924-07-11,Uruguayan,,
vaccarella,http://en.wikipedia.org/wiki/Nino_Vaccarella,Nino,Vaccarella,1933-03-04,Italian,,
poele,http://en.wikipedia.org/wiki/Eric_van_de_Poele,Eric,van de Poele,1961-09-30,Belgian,,
garde,http://en.wikipedia.org/wiki/Giedo_van_der_Garde,Giedo,van der Garde,1985-04-25,Dutch,VDG,
lof,http://en.wikipedia.org/wiki/Dries_van_der_Lof,Dries,van der Lof,1919-08-23,Dutch,,
vyver,http://en.wikipedia.org/wiki/Syd_van_der_Vyver,Syd,van der Vyver,1920-06-01,South African,,
lennep,http://en.wikipedia.org/wiki/Gijs_Van_Lennep,Gijs,van Lennep,1942-03-16,Dutch,,
rooyen,http://en.wikipedia.org/wiki/Basil_van_Rooyen,Basil,van Rooyen,1939-04-19,South African,,
vandoorne,http://en.wikipedia.org/wiki/Stoffel_Vandoorne,Stoffel,Vandoorne,1992-03-26,Belgian,VAN,2
veith,http://en.wikipedia.org/wiki/Bob_Veith,Bob,Veith,1926-11-01,American,,
vergne,http://en.wikipedia.org/wiki/Jean-%C3%89ric_Vergne,Jean-Éric,Vergne,1990-04-25,French,VER,25
verstappen,http://en.wikipedia.org/wiki/Jos_Verstappen,Jos,Verstappen,1972-03-04,Dutch,,
max_verstappen,http://en.wikipedia.org/wiki/Max_Verstappen,Max,Verstappen,1997-09-30,Dutch,VER,33
vettel,http://en.wikipedia.org/wiki/Sebastian_Vettel,Sebastian,Vettel,1987-07-03,German,VET,5
villeneuve,http://en.wikipedia.org/wiki/Jacques_Villeneuve,Jacques,Villeneuve,1971-04-09,Canadian,VIL,
gilles_villeneuve,http://en.wikipedia.org/wiki/Gilles_Villeneuve,Gilles,Villeneuve,1950-01-18,Canadian,,
villeneuve_sr,http://en.wikipedia.org/wiki/Jacques_Villeneuve_(elder),Jacques,Villeneuve Sr.,1953-11-04,Canadian,,
villoresi,http://en.wikipedia.org/wiki/Luigi_Villoresi,Luigi,Villoresi,1909-05-16,Italian,,
volonterio,http://en.wikipedia.org/wiki/Ottorino_Volonterio,Ottorino,Volonterio,1917-12-07,Swiss,,
opel,http://en.wikipedia.org/wiki/Rikky_von_Opel,Rikky,von Opel,1947-10-14,Liechtensteiner,,
hans_stuck,http://en.wikipedia.org/wiki/Hans_Von_Stuck,Hans,von Stuck,1900-12-27,German,,
trips,http://en.wikipedia.org/wiki/Wolfgang_Graf_Berghe_von_Trips,Wolfgang,von Trips,1928-05-04,German,,
vonlanthen,http://en.wikipedia.org/wiki/Jo_Vonlanthen,Jo,Vonlanthen,1942-05-31,Swiss,,
vukovich,http://en.wikipedia.org/wiki/Bill_Vukovich,Bill,Vukovich,1918-12-13,American,,
wacker,http://en.wikipedia.org/wiki/Fred_Wacker,Fred,Wacker,1918-07-10,American,,
walker,http://en.wikipedia.org/wiki/David_Walker_(racing_driver),David,Walker,1941-06-10,Australian,,
peter_walker,http://en.wikipedia.org/wiki/Peter_Walker_(driver),Peter,Walker,1912-10-07,British,,
wallard,http://en.wikipedia.org/wiki/Lee_Wallard,Lee,Wallard,1910-09-07,American,,
walter,http://en.wikipedia.org/wiki/Heini_Walter,Heini,Walter,1927-07-28,Swiss,,
ward,http://en.wikipedia.org/wiki/Rodger_Ward,Rodger,Ward,1921-01-10,American,,
warwick,http://en.wikipedia.org/wiki/Derek_Warwick,Derek,Warwick,1954-08-27,British,,
watson,http://en.wikipedia.org/wiki/John_Watson_(racing_driver),John,Watson,1946-05-04,British,,
webb,http://en.wikipedia.org/wiki/Travis_Webb,Travis,Webb,1910-10-08,American,,
webber,http://en.wikipedia.org/wiki/Mark_Webber,Mark,Webber,1976-08-27,Australian,WEB,
wehrlein,http://en.wikipedia.org/wiki/Pascal_Wehrlein,Pascal,Wehrlein,1994-10-18,German,WEH,94
weidler,http://en.wikipedia.org/wiki/Volker_Weidler,Volker,Weidler,1962-03-18,German,,
weiler,http://en.wikipedia.org/wiki/Wayne_Weiler,Wayne,Weiler,1934-12-09,American,,
wendlinger,http://en.wikipedia.org/wiki/Karl_Wendlinger,Karl,Wendlinger,1968-12-20,Austrian,,
westbury,http://en.wikipedia.org/wiki/Peter_Westbury,Peter,Westbury,1938-05-26,British,,
weyant,http://en.wikipedia.org/wiki/Chuck_Weyant,Chuck,Weyant,1923-04-03,American,,
wharton,http://en.wikipedia.org/wiki/Ken_Wharton,Ken,Wharton,1916-03-21,British,,
whiteaway,http://en.wikipedia.org/wiki/Ted_Whiteaway,Ted,Whiteaway,1928-11-01,British,,
whitehead,http://en.wikipedia.org/wiki/Peter_Whitehead_(racing_driver),Peter,Whitehead,1914-11-12,British,,
graham_whitehead,http://en.wikipedia.org/wiki/Graham_Whitehead,Graham,Whitehead,1922-04-15,British,,
whitehouse,http://en.wikipedia.org/wiki/Bill_Whitehouse,Bill,Whitehouse,1909-04-01,British,,
widdows,http://en.wikipedia.org/wiki/Robin_Widdows,Robin,Widdows,1942-05-27,British,,
wietzes,http://en.wikipedia.org/wiki/Eppie_Wietzes,Eppie,Wietzes,1938-05-28,Canadian,,
wilds,http://en.wikipedia.org/wiki/Mike_Wilds,Mike,Wilds,1946-01-07,British,,
williams,http://en.wikipedia.org/wiki/Jonathan_Williams_(racing_driver),Jonathan,Williams,1942-10-26,British,,
williamson,http://en.wikipedia.org/wiki/Roger_Williamson,Roger,Williamson,1948-02-02,British,,
wilson,http://en.wikipedia.org/wiki/Justin_Wilson_(racing_driver),Justin,Wilson,1978-07-31,British,,
desire_wilson,http://en.wikipedia.org/wiki/Desir%C3%A9_Wilson,Desiré,Wilson,1953-11-26,South African,,
vic_wilson,http://en.wikipedia.org/wiki/Vic_Wilson_(motor_racing_driver),Vic,Wilson,1931-04-14,British,,
dempsey_wilson,http://en.wikipedia.org/wiki/Dempsey_Wilson,Dempsey,Wilson,1927-03-11,American,,
markus_winkelhock,http://en.wikipedia.org/wiki/Markus_Winkelhock,Markus,Winkelhock,1980-06-13,German,WIN,
joachim_winkelhock,http://en.wikipedia.org/wiki/Joachim_Winkelhock,Joachim,Winkelhock,1960-10-24,German,,
manfred_winkelhock,http://en.wikipedia.org/wiki/Manfred_Winkelhock,Manfred,Winkelhock,1951-10-06,German,,
wisell,http://en.wikipedia.org/wiki/Reine_Wisell,Reine,Wisell,1941-09-30,Swedish,,
wunderink,http://en.wikipedia.org/wiki/Roelof_Wunderink,Roelof,Wunderink,1948-12-12,Dutch,,
wurz,http://en.wikipedia.org/wiki/Alexander_Wurz,Alexander,Wurz,1974-02-15,Austrian,WUR,
yamamoto,http://en.wikipedia.org/wiki/Sakon_Yamamoto,Sakon,Yamamoto,1982-07-09,Japanese,YAM,
yoong,http://en.wikipedia.org/wiki/Alex_Yoong,Alex,Yoong,1976-07-20,Malaysian,,
zanardi,http://en.wikipedia.org/wiki/Alex_Zanardi,Alessandro,Zanardi,1966-10-23,Italian,,
zapico,http://en.wikipedia.org/wiki/Emilio_Zapico,Emilio,Zapico,1944-05-27,Spanish,,
zonta,http://en.wikipedia.org/wiki/Ricardo_Zonta,Ricardo,Zonta,1976-03-23,Brazilian,ZON,
zorzi,http://en.wikipedia.org/wiki/Renzo_Zorzi,Renzo,Zorzi,1946-12-12,Italian,,
zunino,http://en.wikipedia.org/wiki/Ricardo_Zunino,Ricardo,Zunino,1949-04-13,Argentine,,
